2026-03-25 11:07:04 INFO  [restartedMain] com.coforge.UserLoggingSpringBootApplication - Starting UserLoggingSpringBootApplication using Java 21.0.10 with PID 7744 (C:\Users\Anurag.4.Tiwari\Downloads\UserLoggingSpringBoot\target\classes started by Anurag.4.Tiwari in C:\Users\Anurag.4.Tiwari\Downloads\UserLoggingSpringBoot)
2026-03-25 11:07:04 INFO  [restartedMain] com.coforge.UserLoggingSpringBootApplication - No active profile set, falling back to 1 default profile: "default"
2026-03-25 11:07:05 INFO  [restartedMain] org.springframework.boot.devtools.env.DevToolsPropertyDefaultsPostProcessor - Devtools property defaults active! Set 'spring.devtools.add-properties' to 'false' to disable
2026-03-25 11:07:05 INFO  [restartedMain] org.springframework.boot.devtools.env.DevToolsPropertyDefaultsPostProcessor - For additional web related logging consider setting the 'logging.level.web' property to 'DEBUG'
2026-03-25 11:07:05 INFO  [restartedMain] org.springframework.data.repository.config.RepositoryConfigurationDelegate - Bootstrapping Spring Data JPA repositories in DEFAULT mode.
2026-03-25 11:07:05 INFO  [restartedMain] org.springframework.data.repository.config.RepositoryConfigurationDelegate - Finished Spring Data repository scanning in 60 ms. Found 1 JPA repository interface.
2026-03-25 11:07:06 INFO  [restartedMain] org.springframework.boot.web.embedded.tomcat.TomcatWebServer - Tomcat initialized with port 8080 (http)
2026-03-25 11:07:06 INFO  [restartedMain] org.apache.coyote.http11.Http11NioProtocol - Initializing ProtocolHandler ["http-nio-8080"]
2026-03-25 11:07:06 INFO  [restartedMain] org.apache.catalina.core.StandardService - Starting service [Tomcat]
2026-03-25 11:07:06 INFO  [restartedMain] org.apache.catalina.core.StandardEngine - Starting Servlet engine: [Apache Tomcat/10.1.52]
2026-03-25 11:07:06 INFO  [restartedMain] org.apache.catalina.core.ContainerBase.[Tomcat].[localhost].[/] - Initializing Spring embedded WebApplicationContext
2026-03-25 11:07:06 INFO  [restartedMain] org.springframework.boot.web.servlet.context.ServletWebServerApplicationContext - Root WebApplicationContext: initialization completed in 1521 ms
2026-03-25 11:07:06 INFO  [restartedMain] org.hibernate.jpa.internal.util.LogHelper - HHH000204: Processing PersistenceUnitInfo [name: default]
2026-03-25 11:07:06 INFO  [restartedMain] org.hibernate.Version - HHH000412: Hibernate ORM core version 6.6.44.Final
2026-03-25 11:07:06 INFO  [restartedMain] org.hibernate.cache.internal.RegionFactoryInitiator - HHH000026: Second-level cache disabled
2026-03-25 11:07:07 INFO  [restartedMain] org.springframework.orm.jpa.persistenceunit.SpringPersistenceUnitInfo - No LoadTimeWeaver setup: ignoring JPA class transformer
2026-03-25 11:07:07 INFO  [restartedMain] com.zaxxer.hikari.HikariDataSource - HikariPool-1 - Starting...
2026-03-25 11:07:07 INFO  [restartedMain] com.zaxxer.hikari.pool.HikariPool - HikariPool-1 - Added connection com.mysql.cj.jdbc.ConnectionImpl@6562f732
2026-03-25 11:07:07 INFO  [restartedMain] com.zaxxer.hikari.HikariDataSource - HikariPool-1 - Start completed.
2026-03-25 11:07:07 WARN  [restartedMain] org.hibernate.orm.deprecation - HHH90000025: MySQLDialect does not need to be specified explicitly using 'hibernate.dialect' (remove the property setting and it will be selected by default)
2026-03-25 11:07:07 INFO  [restartedMain] org.hibernate.orm.connections.pooling - HHH10001005: Database info:
	Database JDBC URL [Connecting through datasource 'HikariDataSource (HikariPool-1)']
	Database driver: undefined/unknown
	Database version: 8.0.45
	Autocommit mode: undefined/unknown
	Isolation level: undefined/unknown
	Minimum pool size: undefined/unknown
	Maximum pool size: undefined/unknown
2026-03-25 11:07:08 INFO  [restartedMain] org.hibernate.engine.transaction.jta.platform.internal.JtaPlatformInitiator - HHH000489: No JTA platform available (set 'hibernate.transaction.jta.platform' to enable JTA platform integration)
2026-03-25 11:07:08 INFO  [restartedMain] org.springframework.orm.jpa.LocalContainerEntityManagerFactoryBean - Initialized JPA EntityManagerFactory for persistence unit 'default'
2026-03-25 11:07:09 WARN  [restartedMain] org.springframework.boot.autoconfigure.orm.jpa.JpaBaseConfiguration$JpaWebConfiguration - spring.jpa.open-in-view is enabled by default. Therefore, database queries may be performed during view rendering. Explicitly configure spring.jpa.open-in-view to disable this warning
2026-03-25 11:07:09 INFO  [restartedMain] org.springframework.boot.devtools.autoconfigure.OptionalLiveReloadServer - LiveReload server is running on port 35729
2026-03-25 11:07:09 INFO  [restartedMain] org.apache.coyote.http11.Http11NioProtocol - Starting ProtocolHandler ["http-nio-8080"]
2026-03-25 11:07:09 INFO  [restartedMain] org.springframework.boot.web.embedded.tomcat.TomcatWebServer - Tomcat started on port 8080 (http) with context path '/'
2026-03-25 11:07:09 INFO  [restartedMain] com.coforge.UserLoggingSpringBootApplication - Started UserLoggingSpringBootApplication in 5.067 seconds (process running for 6.382)
2026-03-25 11:08:02 INFO  [RMI TCP Connection(4)-127.0.0.1] org.springframework.boot.admin.SpringApplicationAdminMXBeanRegistrar$SpringApplicationAdmin - Application shutdown requested.
2026-03-25 11:08:02 INFO  [RMI TCP Connection(4)-127.0.0.1] org.springframework.boot.web.embedded.tomcat.GracefulShutdown - Commencing graceful shutdown. Waiting for active requests to complete
2026-03-25 11:08:02 INFO  [tomcat-shutdown] org.apache.coyote.http11.Http11NioProtocol - Pausing ProtocolHandler ["http-nio-8080"]
2026-03-25 11:08:02 INFO  [tomcat-shutdown] org.springframework.boot.web.embedded.tomcat.GracefulShutdown - Graceful shutdown complete
2026-03-25 11:08:02 INFO  [RMI TCP Connection(4)-127.0.0.1] org.apache.coyote.http11.Http11NioProtocol - Stopping ProtocolHandler ["http-nio-8080"]
2026-03-25 11:08:02 INFO  [RMI TCP Connection(4)-127.0.0.1] org.springframework.orm.jpa.LocalContainerEntityManagerFactoryBean - Closing JPA EntityManagerFactory for persistence unit 'default'
2026-03-25 11:08:02 INFO  [RMI TCP Connection(4)-127.0.0.1] com.zaxxer.hikari.HikariDataSource - HikariPool-1 - Shutdown initiated...
2026-03-25 11:08:02 INFO  [RMI TCP Connection(4)-127.0.0.1] com.zaxxer.hikari.HikariDataSource - HikariPool-1 - Shutdown completed.
2026-03-25 11:08:05 INFO  [restartedMain] com.coforge.UserLoggingSpringBootApplication - Starting UserLoggingSpringBootApplication using Java 21.0.10 with PID 21084 (C:\Users\Anurag.4.Tiwari\Downloads\UserLoggingSpringBoot\target\classes started by Anurag.4.Tiwari in C:\Users\Anurag.4.Tiwari\Downloads\UserLoggingSpringBoot)
2026-03-25 11:08:05 INFO  [restartedMain] com.coforge.UserLoggingSpringBootApplication - No active profile set, falling back to 1 default profile: "default"
2026-03-25 11:08:06 INFO  [restartedMain] org.springframework.boot.devtools.env.DevToolsPropertyDefaultsPostProcessor - Devtools property defaults active! Set 'spring.devtools.add-properties' to 'false' to disable
2026-03-25 11:08:06 INFO  [restartedMain] org.springframework.boot.devtools.env.DevToolsPropertyDefaultsPostProcessor - For additional web related logging consider setting the 'logging.level.web' property to 'DEBUG'
2026-03-25 11:08:06 INFO  [restartedMain] org.springframework.data.repository.config.RepositoryConfigurationDelegate - Bootstrapping Spring Data JPA repositories in DEFAULT mode.
2026-03-25 11:08:06 INFO  [restartedMain] org.springframework.data.repository.config.RepositoryConfigurationDelegate - Finished Spring Data repository scanning in 71 ms. Found 1 JPA repository interface.
2026-03-25 11:08:07 INFO  [restartedMain] org.springframework.boot.web.embedded.tomcat.TomcatWebServer - Tomcat initialized with port 8080 (http)
2026-03-25 11:08:07 INFO  [restartedMain] org.apache.coyote.http11.Http11NioProtocol - Initializing ProtocolHandler ["http-nio-8080"]
2026-03-25 11:08:07 INFO  [restartedMain] org.apache.catalina.core.StandardService - Starting service [Tomcat]
2026-03-25 11:08:07 INFO  [restartedMain] org.apache.catalina.core.StandardEngine - Starting Servlet engine: [Apache Tomcat/10.1.52]
2026-03-25 11:08:07 INFO  [restartedMain] org.apache.catalina.core.ContainerBase.[Tomcat].[localhost].[/] - Initializing Spring embedded WebApplicationContext
2026-03-25 11:08:07 INFO  [restartedMain] org.springframework.boot.web.servlet.context.ServletWebServerApplicationContext - Root WebApplicationContext: initialization completed in 1417 ms
2026-03-25 11:08:07 INFO  [restartedMain] org.hibernate.jpa.internal.util.LogHelper - HHH000204: Processing PersistenceUnitInfo [name: default]
2026-03-25 11:08:07 INFO  [restartedMain] org.hibernate.Version - HHH000412: Hibernate ORM core version 6.6.44.Final
2026-03-25 11:08:07 INFO  [restartedMain] org.hibernate.cache.internal.RegionFactoryInitiator - HHH000026: Second-level cache disabled
2026-03-25 11:08:08 INFO  [restartedMain] org.springframework.orm.jpa.persistenceunit.SpringPersistenceUnitInfo - No LoadTimeWeaver setup: ignoring JPA class transformer
2026-03-25 11:08:08 INFO  [restartedMain] com.zaxxer.hikari.HikariDataSource - HikariPool-1 - Starting...
2026-03-25 11:08:08 INFO  [restartedMain] com.zaxxer.hikari.pool.HikariPool - HikariPool-1 - Added connection com.mysql.cj.jdbc.ConnectionImpl@135cef4c
2026-03-25 11:08:08 INFO  [restartedMain] com.zaxxer.hikari.HikariDataSource - HikariPool-1 - Start completed.
2026-03-25 11:08:08 WARN  [restartedMain] org.hibernate.orm.deprecation - HHH90000025: MySQLDialect does not need to be specified explicitly using 'hibernate.dialect' (remove the property setting and it will be selected by default)
2026-03-25 11:08:08 INFO  [restartedMain] org.hibernate.orm.connections.pooling - HHH10001005: Database info:
	Database JDBC URL [Connecting through datasource 'HikariDataSource (HikariPool-1)']
	Database driver: undefined/unknown
	Database version: 8.0.45
	Autocommit mode: undefined/unknown
	Isolation level: undefined/unknown
	Minimum pool size: undefined/unknown
	Maximum pool size: undefined/unknown
2026-03-25 11:08:09 INFO  [restartedMain] org.hibernate.engine.transaction.jta.platform.internal.JtaPlatformInitiator - HHH000489: No JTA platform available (set 'hibernate.transaction.jta.platform' to enable JTA platform integration)
2026-03-25 11:08:09 INFO  [restartedMain] org.springframework.orm.jpa.LocalContainerEntityManagerFactoryBean - Initialized JPA EntityManagerFactory for persistence unit 'default'
2026-03-25 11:08:10 WARN  [restartedMain] org.springframework.boot.autoconfigure.orm.jpa.JpaBaseConfiguration$JpaWebConfiguration - spring.jpa.open-in-view is enabled by default. Therefore, database queries may be performed during view rendering. Explicitly configure spring.jpa.open-in-view to disable this warning
2026-03-25 11:08:10 INFO  [restartedMain] org.springframework.boot.devtools.autoconfigure.OptionalLiveReloadServer - LiveReload server is running on port 35729
2026-03-25 11:08:10 INFO  [restartedMain] org.apache.coyote.http11.Http11NioProtocol - Starting ProtocolHandler ["http-nio-8080"]
2026-03-25 11:08:10 INFO  [restartedMain] org.springframework.boot.web.embedded.tomcat.TomcatWebServer - Tomcat started on port 8080 (http) with context path '/'
2026-03-25 11:08:10 INFO  [restartedMain] com.coforge.UserLoggingSpringBootApplication - Started UserLoggingSpringBootApplication in 5.082 seconds (process running for 6.479)
2026-03-25 11:08:41 INFO  [http-nio-8080-exec-2] org.apache.catalina.core.ContainerBase.[Tomcat].[localhost].[/] - Initializing Spring DispatcherServlet 'dispatcherServlet'
2026-03-25 11:08:41 INFO  [http-nio-8080-exec-2] org.springframework.web.servlet.DispatcherServlet - Initializing Servlet 'dispatcherServlet'
2026-03-25 11:08:41 INFO  [http-nio-8080-exec-2] org.springframework.web.servlet.DispatcherServlet - Completed initialization in 2 ms
2026-03-25 11:08:41 INFO  [http-nio-8080-exec-2] com.coforge.controllers.UserController - Saving User info User(uid=0, uname=klm, pwd=3333)
2026-03-25 11:08:41 INFO  [http-nio-8080-exec-2] com.coforge.controllers.UserController - Saving User info User(uid=0, uname=klm, pwd=3333)
2026-03-25 11:08:59 INFO  [http-nio-8080-exec-3] com.coforge.controllers.UserController - Fetching All Users Info
2026-03-25 11:08:59 INFO  [http-nio-8080-exec-3] com.coforge.controllers.UserController - Fetching All Users Info
2026-03-25 11:10:08 INFO  [File Watcher] org.springframework.boot.devtools.autoconfigure.LocalDevToolsAutoConfiguration$RestartingClassPathChangeChangedEventListener - Restarting due to 1 class path change (0 additions, 0 deletions, 1 modification)
2026-03-25 11:10:08 INFO  [Thread-5] org.springframework.boot.web.embedded.tomcat.GracefulShutdown - Commencing graceful shutdown. Waiting for active requests to complete
2026-03-25 11:10:08 INFO  [tomcat-shutdown] org.apache.coyote.http11.Http11NioProtocol - Pausing ProtocolHandler ["http-nio-8080"]
2026-03-25 11:10:08 INFO  [tomcat-shutdown] org.springframework.boot.web.embedded.tomcat.GracefulShutdown - Graceful shutdown complete
2026-03-25 11:10:08 INFO  [Thread-5] org.apache.coyote.http11.Http11NioProtocol - Stopping ProtocolHandler ["http-nio-8080"]
2026-03-25 11:10:08 INFO  [Thread-5] org.springframework.orm.jpa.LocalContainerEntityManagerFactoryBean - Closing JPA EntityManagerFactory for persistence unit 'default'
2026-03-25 11:10:08 INFO  [Thread-5] com.zaxxer.hikari.HikariDataSource - HikariPool-1 - Shutdown initiated...
2026-03-25 11:10:08 INFO  [Thread-5] com.zaxxer.hikari.HikariDataSource - HikariPool-1 - Shutdown completed.
2026-03-25 11:10:08 INFO  [restartedMain] com.coforge.UserLoggingSpringBootApplication - Starting UserLoggingSpringBootApplication using Java 21.0.10 with PID 21084 (C:\Users\Anurag.4.Tiwari\Downloads\UserLoggingSpringBoot\target\classes started by Anurag.4.Tiwari in C:\Users\Anurag.4.Tiwari\Downloads\UserLoggingSpringBoot)
2026-03-25 11:10:08 INFO  [restartedMain] com.coforge.UserLoggingSpringBootApplication - No active profile set, falling back to 1 default profile: "default"
2026-03-25 11:10:09 INFO  [restartedMain] org.springframework.data.repository.config.RepositoryConfigurationDelegate - Bootstrapping Spring Data JPA repositories in DEFAULT mode.
2026-03-25 11:10:09 INFO  [restartedMain] org.springframework.data.repository.config.RepositoryConfigurationDelegate - Finished Spring Data repository scanning in 11 ms. Found 1 JPA repository interface.
2026-03-25 11:10:09 INFO  [restartedMain] org.springframework.boot.web.embedded.tomcat.TomcatWebServer - Tomcat initialized with port 8080 (http)
2026-03-25 11:10:09 INFO  [restartedMain] org.apache.coyote.http11.Http11NioProtocol - Initializing ProtocolHandler ["http-nio-8080"]
2026-03-25 11:10:09 INFO  [restartedMain] org.apache.catalina.core.StandardService - Starting service [Tomcat]
2026-03-25 11:10:09 INFO  [restartedMain] org.apache.catalina.core.StandardEngine - Starting Servlet engine: [Apache Tomcat/10.1.52]
2026-03-25 11:10:09 INFO  [restartedMain] org.apache.catalina.core.ContainerBase.[Tomcat].[localhost].[/] - Initializing Spring embedded WebApplicationContext
2026-03-25 11:10:09 INFO  [restartedMain] org.springframework.boot.web.servlet.context.ServletWebServerApplicationContext - Root WebApplicationContext: initialization completed in 332 ms
2026-03-25 11:10:09 INFO  [restartedMain] org.hibernate.jpa.internal.util.LogHelper - HHH000204: Processing PersistenceUnitInfo [name: default]
2026-03-25 11:10:09 INFO  [restartedMain] org.hibernate.cache.internal.RegionFactoryInitiator - HHH000026: Second-level cache disabled
2026-03-25 11:10:09 INFO  [restartedMain] org.springframework.orm.jpa.persistenceunit.SpringPersistenceUnitInfo - No LoadTimeWeaver setup: ignoring JPA class transformer
2026-03-25 11:10:09 INFO  [restartedMain] com.zaxxer.hikari.HikariDataSource - HikariPool-2 - Starting...
2026-03-25 11:10:09 INFO  [restartedMain] com.zaxxer.hikari.pool.HikariPool - HikariPool-2 - Added connection com.mysql.cj.jdbc.ConnectionImpl@3c137900
2026-03-25 11:10:09 INFO  [restartedMain] com.zaxxer.hikari.HikariDataSource - HikariPool-2 - Start completed.
2026-03-25 11:10:09 WARN  [restartedMain] org.hibernate.orm.deprecation - HHH90000025: MySQLDialect does not need to be specified explicitly using 'hibernate.dialect' (remove the property setting and it will be selected by default)
2026-03-25 11:10:09 INFO  [restartedMain] org.hibernate.orm.connections.pooling - HHH10001005: Database info:
	Database JDBC URL [Connecting through datasource 'HikariDataSource (HikariPool-2)']
	Database driver: undefined/unknown
	Database version: 8.0.45
	Autocommit mode: undefined/unknown
	Isolation level: undefined/unknown
	Minimum pool size: undefined/unknown
	Maximum pool size: undefined/unknown
2026-03-25 11:10:09 INFO  [restartedMain] org.hibernate.engine.transaction.jta.platform.internal.JtaPlatformInitiator - HHH000489: No JTA platform available (set 'hibernate.transaction.jta.platform' to enable JTA platform integration)
2026-03-25 11:10:09 INFO  [restartedMain] org.springframework.orm.jpa.LocalContainerEntityManagerFactoryBean - Initialized JPA EntityManagerFactory for persistence unit 'default'
2026-03-25 11:10:09 WARN  [restartedMain] org.springframework.boot.autoconfigure.orm.jpa.JpaBaseConfiguration$JpaWebConfiguration - spring.jpa.open-in-view is enabled by default. Therefore, database queries may be performed during view rendering. Explicitly configure spring.jpa.open-in-view to disable this warning
2026-03-25 11:10:09 INFO  [restartedMain] org.springframework.boot.devtools.autoconfigure.OptionalLiveReloadServer - LiveReload server is running on port 35729
2026-03-25 11:10:09 INFO  [restartedMain] org.apache.coyote.http11.Http11NioProtocol - Starting ProtocolHandler ["http-nio-8080"]
2026-03-25 11:10:09 INFO  [restartedMain] org.springframework.boot.web.embedded.tomcat.TomcatWebServer - Tomcat started on port 8080 (http) with context path '/'
2026-03-25 11:10:09 INFO  [restartedMain] com.coforge.UserLoggingSpringBootApplication - Started UserLoggingSpringBootApplication in 0.767 seconds (process running for 125.437)
2026-03-25 11:10:09 INFO  [restartedMain] org.springframework.boot.devtools.autoconfigure.ConditionEvaluationDeltaLoggingListener - Condition evaluation unchanged
2026-03-25 11:10:10 INFO  [RMI TCP Connection(4)-127.0.0.1] org.springframework.boot.admin.SpringApplicationAdminMXBeanRegistrar$SpringApplicationAdmin - Application shutdown requested.
2026-03-25 11:10:10 INFO  [RMI TCP Connection(4)-127.0.0.1] org.springframework.boot.web.embedded.tomcat.GracefulShutdown - Commencing graceful shutdown. Waiting for active requests to complete
2026-03-25 11:10:10 INFO  [tomcat-shutdown] org.apache.coyote.http11.Http11NioProtocol - Pausing ProtocolHandler ["http-nio-8080"]
2026-03-25 11:10:10 INFO  [tomcat-shutdown] org.springframework.boot.web.embedded.tomcat.GracefulShutdown - Graceful shutdown complete
2026-03-25 11:10:10 INFO  [RMI TCP Connection(4)-127.0.0.1] org.apache.coyote.http11.Http11NioProtocol - Stopping ProtocolHandler ["http-nio-8080"]
2026-03-25 11:10:10 INFO  [RMI TCP Connection(4)-127.0.0.1] org.springframework.orm.jpa.LocalContainerEntityManagerFactoryBean - Closing JPA EntityManagerFactory for persistence unit 'default'
2026-03-25 11:10:10 INFO  [RMI TCP Connection(4)-127.0.0.1] com.zaxxer.hikari.HikariDataSource - HikariPool-2 - Shutdown initiated...
2026-03-25 11:10:10 INFO  [RMI TCP Connection(4)-127.0.0.1] com.zaxxer.hikari.HikariDataSource - HikariPool-2 - Shutdown completed.
2026-03-25 11:10:14 INFO  [restartedMain] com.coforge.UserLoggingSpringBootApplication - Starting UserLoggingSpringBootApplication using Java 21.0.10 with PID 19948 (C:\Users\Anurag.4.Tiwari\Downloads\UserLoggingSpringBoot\target\classes started by Anurag.4.Tiwari in C:\Users\Anurag.4.Tiwari\Downloads\UserLoggingSpringBoot)
2026-03-25 11:10:14 INFO  [restartedMain] com.coforge.UserLoggingSpringBootApplication - No active profile set, falling back to 1 default profile: "default"
2026-03-25 11:10:14 INFO  [restartedMain] org.springframework.boot.devtools.env.DevToolsPropertyDefaultsPostProcessor - Devtools property defaults active! Set 'spring.devtools.add-properties' to 'false' to disable
2026-03-25 11:10:14 INFO  [restartedMain] org.springframework.boot.devtools.env.DevToolsPropertyDefaultsPostProcessor - For additional web related logging consider setting the 'logging.level.web' property to 'DEBUG'
2026-03-25 11:10:15 INFO  [restartedMain] org.springframework.data.repository.config.RepositoryConfigurationDelegate - Bootstrapping Spring Data JPA repositories in DEFAULT mode.
2026-03-25 11:10:15 INFO  [restartedMain] org.springframework.data.repository.config.RepositoryConfigurationDelegate - Finished Spring Data repository scanning in 72 ms. Found 1 JPA repository interface.
2026-03-25 11:10:16 INFO  [restartedMain] org.springframework.boot.web.embedded.tomcat.TomcatWebServer - Tomcat initialized with port 8080 (http)
2026-03-25 11:10:16 INFO  [restartedMain] org.apache.coyote.http11.Http11NioProtocol - Initializing ProtocolHandler ["http-nio-8080"]
2026-03-25 11:10:16 INFO  [restartedMain] org.apache.catalina.core.StandardService - Starting service [Tomcat]
2026-03-25 11:10:16 INFO  [restartedMain] org.apache.catalina.core.StandardEngine - Starting Servlet engine: [Apache Tomcat/10.1.52]
2026-03-25 11:10:16 INFO  [restartedMain] org.apache.catalina.core.ContainerBase.[Tomcat].[localhost].[/] - Initializing Spring embedded WebApplicationContext
2026-03-25 11:10:16 INFO  [restartedMain] org.springframework.boot.web.servlet.context.ServletWebServerApplicationContext - Root WebApplicationContext: initialization completed in 1519 ms
2026-03-25 11:10:16 INFO  [restartedMain] org.hibernate.jpa.internal.util.LogHelper - HHH000204: Processing PersistenceUnitInfo [name: default]
2026-03-25 11:10:16 INFO  [restartedMain] org.hibernate.Version - HHH000412: Hibernate ORM core version 6.6.44.Final
2026-03-25 11:10:16 INFO  [restartedMain] org.hibernate.cache.internal.RegionFactoryInitiator - HHH000026: Second-level cache disabled
2026-03-25 11:10:16 INFO  [restartedMain] org.springframework.orm.jpa.persistenceunit.SpringPersistenceUnitInfo - No LoadTimeWeaver setup: ignoring JPA class transformer
2026-03-25 11:10:16 INFO  [restartedMain] com.zaxxer.hikari.HikariDataSource - HikariPool-1 - Starting...
2026-03-25 11:10:17 INFO  [restartedMain] com.zaxxer.hikari.pool.HikariPool - HikariPool-1 - Added connection com.mysql.cj.jdbc.ConnectionImpl@2e9b0377
2026-03-25 11:10:17 INFO  [restartedMain] com.zaxxer.hikari.HikariDataSource - HikariPool-1 - Start completed.
2026-03-25 11:10:17 WARN  [restartedMain] org.hibernate.orm.deprecation - HHH90000025: MySQLDialect does not need to be specified explicitly using 'hibernate.dialect' (remove the property setting and it will be selected by default)
2026-03-25 11:10:17 INFO  [restartedMain] org.hibernate.orm.connections.pooling - HHH10001005: Database info:
	Database JDBC URL [Connecting through datasource 'HikariDataSource (HikariPool-1)']
	Database driver: undefined/unknown
	Database version: 8.0.45
	Autocommit mode: undefined/unknown
	Isolation level: undefined/unknown
	Minimum pool size: undefined/unknown
	Maximum pool size: undefined/unknown
2026-03-25 11:10:18 INFO  [restartedMain] org.hibernate.engine.transaction.jta.platform.internal.JtaPlatformInitiator - HHH000489: No JTA platform available (set 'hibernate.transaction.jta.platform' to enable JTA platform integration)
2026-03-25 11:10:18 INFO  [restartedMain] org.springframework.orm.jpa.LocalContainerEntityManagerFactoryBean - Initialized JPA EntityManagerFactory for persistence unit 'default'
2026-03-25 11:10:18 WARN  [restartedMain] org.springframework.boot.autoconfigure.orm.jpa.JpaBaseConfiguration$JpaWebConfiguration - spring.jpa.open-in-view is enabled by default. Therefore, database queries may be performed during view rendering. Explicitly configure spring.jpa.open-in-view to disable this warning
2026-03-25 11:10:19 INFO  [restartedMain] org.springframework.boot.devtools.autoconfigure.OptionalLiveReloadServer - LiveReload server is running on port 35729
2026-03-25 11:10:19 INFO  [restartedMain] org.apache.coyote.http11.Http11NioProtocol - Starting ProtocolHandler ["http-nio-8080"]
2026-03-25 11:10:19 INFO  [restartedMain] org.springframework.boot.web.embedded.tomcat.TomcatWebServer - Tomcat started on port 8080 (http) with context path '/'
2026-03-25 11:10:19 INFO  [restartedMain] com.coforge.UserLoggingSpringBootApplication - Started UserLoggingSpringBootApplication in 5.214 seconds (process running for 6.5)
2026-03-25 11:10:28 INFO  [http-nio-8080-exec-2] org.apache.catalina.core.ContainerBase.[Tomcat].[localhost].[/] - Initializing Spring DispatcherServlet 'dispatcherServlet'
2026-03-25 11:10:28 INFO  [http-nio-8080-exec-2] org.springframework.web.servlet.DispatcherServlet - Initializing Servlet 'dispatcherServlet'
2026-03-25 11:10:28 INFO  [http-nio-8080-exec-2] org.springframework.web.servlet.DispatcherServlet - Completed initialization in 9 ms
2026-03-25 11:10:28 INFO  [http-nio-8080-exec-2] com.coforge.controllers.UserController - Fetching All Users Info
2026-03-25 11:10:28 INFO  [http-nio-8080-exec-2] com.coforge.controllers.UserController - Fetching All Users Info
2026-03-25 11:21:27 INFO  [File Watcher] org.springframework.boot.devtools.autoconfigure.LocalDevToolsAutoConfiguration$RestartingClassPathChangeChangedEventListener - Restarting due to 7 class path changes (0 additions, 0 deletions, 7 modifications)
2026-03-25 11:21:27 INFO  [Thread-5] org.springframework.boot.web.embedded.tomcat.GracefulShutdown - Commencing graceful shutdown. Waiting for active requests to complete
2026-03-25 11:21:27 INFO  [tomcat-shutdown] org.apache.coyote.http11.Http11NioProtocol - Pausing ProtocolHandler ["http-nio-8080"]
2026-03-25 11:21:27 INFO  [tomcat-shutdown] org.springframework.boot.web.embedded.tomcat.GracefulShutdown - Graceful shutdown complete
2026-03-25 11:21:27 INFO  [Thread-5] org.apache.coyote.http11.Http11NioProtocol - Stopping ProtocolHandler ["http-nio-8080"]
2026-03-25 11:21:27 INFO  [Thread-5] org.springframework.orm.jpa.LocalContainerEntityManagerFactoryBean - Closing JPA EntityManagerFactory for persistence unit 'default'
2026-03-25 11:21:27 INFO  [Thread-5] com.zaxxer.hikari.HikariDataSource - HikariPool-1 - Shutdown initiated...
2026-03-25 11:21:27 INFO  [Thread-5] com.zaxxer.hikari.HikariDataSource - HikariPool-1 - Shutdown completed.
2026-03-25 11:21:27 INFO  [restartedMain] com.coforge.UserLoggingSpringBootApplication - Starting UserLoggingSpringBootApplication using Java 21.0.10 with PID 19948 (C:\Users\Anurag.4.Tiwari\Downloads\UserLoggingSpringBoot\target\classes started by Anurag.4.Tiwari in C:\Users\Anurag.4.Tiwari\Downloads\UserLoggingSpringBoot)
2026-03-25 11:21:27 INFO  [restartedMain] com.coforge.UserLoggingSpringBootApplication - No active profile set, falling back to 1 default profile: "default"
2026-03-25 11:21:27 INFO  [restartedMain] org.springframework.data.repository.config.RepositoryConfigurationDelegate - Bootstrapping Spring Data JPA repositories in DEFAULT mode.
2026-03-25 11:21:27 INFO  [restartedMain] org.springframework.data.repository.config.RepositoryConfigurationDelegate - Finished Spring Data repository scanning in 12 ms. Found 1 JPA repository interface.
2026-03-25 11:21:27 INFO  [restartedMain] org.springframework.boot.web.embedded.tomcat.TomcatWebServer - Tomcat initialized with port 8080 (http)
2026-03-25 11:21:27 INFO  [restartedMain] org.apache.coyote.http11.Http11NioProtocol - Initializing ProtocolHandler ["http-nio-8080"]
2026-03-25 11:21:27 INFO  [restartedMain] org.apache.catalina.core.StandardService - Starting service [Tomcat]
2026-03-25 11:21:27 INFO  [restartedMain] org.apache.catalina.core.StandardEngine - Starting Servlet engine: [Apache Tomcat/10.1.52]
2026-03-25 11:21:27 INFO  [restartedMain] org.apache.catalina.core.ContainerBase.[Tomcat].[localhost].[/] - Initializing Spring embedded WebApplicationContext
2026-03-25 11:21:27 INFO  [restartedMain] org.springframework.boot.web.servlet.context.ServletWebServerApplicationContext - Root WebApplicationContext: initialization completed in 453 ms
2026-03-25 11:21:27 INFO  [restartedMain] org.hibernate.jpa.internal.util.LogHelper - HHH000204: Processing PersistenceUnitInfo [name: default]
2026-03-25 11:21:27 INFO  [restartedMain] org.hibernate.cache.internal.RegionFactoryInitiator - HHH000026: Second-level cache disabled
2026-03-25 11:21:27 INFO  [restartedMain] org.springframework.orm.jpa.persistenceunit.SpringPersistenceUnitInfo - No LoadTimeWeaver setup: ignoring JPA class transformer
2026-03-25 11:21:27 INFO  [restartedMain] com.zaxxer.hikari.HikariDataSource - HikariPool-2 - Starting...
2026-03-25 11:21:27 INFO  [restartedMain] com.zaxxer.hikari.pool.HikariPool - HikariPool-2 - Added connection com.mysql.cj.jdbc.ConnectionImpl@2b47eed1
2026-03-25 11:21:27 INFO  [restartedMain] com.zaxxer.hikari.HikariDataSource - HikariPool-2 - Start completed.
2026-03-25 11:21:27 WARN  [restartedMain] org.hibernate.orm.deprecation - HHH90000025: MySQLDialect does not need to be specified explicitly using 'hibernate.dialect' (remove the property setting and it will be selected by default)
2026-03-25 11:21:27 INFO  [restartedMain] org.hibernate.orm.connections.pooling - HHH10001005: Database info:
	Database JDBC URL [Connecting through datasource 'HikariDataSource (HikariPool-2)']
	Database driver: undefined/unknown
	Database version: 8.0.45
	Autocommit mode: undefined/unknown
	Isolation level: undefined/unknown
	Minimum pool size: undefined/unknown
	Maximum pool size: undefined/unknown
2026-03-25 11:21:28 INFO  [restartedMain] org.hibernate.engine.transaction.jta.platform.internal.JtaPlatformInitiator - HHH000489: No JTA platform available (set 'hibernate.transaction.jta.platform' to enable JTA platform integration)
2026-03-25 11:21:28 INFO  [restartedMain] org.springframework.orm.jpa.LocalContainerEntityManagerFactoryBean - Initialized JPA EntityManagerFactory for persistence unit 'default'
2026-03-25 11:21:28 WARN  [restartedMain] org.springframework.boot.autoconfigure.orm.jpa.JpaBaseConfiguration$JpaWebConfiguration - spring.jpa.open-in-view is enabled by default. Therefore, database queries may be performed during view rendering. Explicitly configure spring.jpa.open-in-view to disable this warning
2026-03-25 11:21:28 INFO  [restartedMain] org.springframework.boot.devtools.autoconfigure.OptionalLiveReloadServer - LiveReload server is running on port 35729
2026-03-25 11:21:28 INFO  [restartedMain] org.apache.coyote.http11.Http11NioProtocol - Starting ProtocolHandler ["http-nio-8080"]
2026-03-25 11:21:28 INFO  [restartedMain] org.springframework.boot.web.embedded.tomcat.TomcatWebServer - Tomcat started on port 8080 (http) with context path '/'
2026-03-25 11:21:28 INFO  [restartedMain] com.coforge.UserLoggingSpringBootApplication - Started UserLoggingSpringBootApplication in 1.011 seconds (process running for 675.461)
2026-03-25 11:21:28 INFO  [restartedMain] org.springframework.boot.devtools.autoconfigure.ConditionEvaluationDeltaLoggingListener - Condition evaluation unchanged
2026-03-25 11:27:32 INFO  [File Watcher] org.springframework.boot.devtools.autoconfigure.LocalDevToolsAutoConfiguration$RestartingClassPathChangeChangedEventListener - Restarting due to 1 class path change (0 additions, 0 deletions, 1 modification)
2026-03-25 11:27:32 INFO  [Thread-7] org.springframework.boot.web.embedded.tomcat.GracefulShutdown - Commencing graceful shutdown. Waiting for active requests to complete
2026-03-25 11:27:32 INFO  [tomcat-shutdown] org.apache.coyote.http11.Http11NioProtocol - Pausing ProtocolHandler ["http-nio-8080"]
2026-03-25 11:27:32 INFO  [tomcat-shutdown] org.springframework.boot.web.embedded.tomcat.GracefulShutdown - Graceful shutdown complete
2026-03-25 11:27:32 INFO  [Thread-7] org.apache.coyote.http11.Http11NioProtocol - Stopping ProtocolHandler ["http-nio-8080"]
2026-03-25 11:27:32 INFO  [Thread-7] org.springframework.orm.jpa.LocalContainerEntityManagerFactoryBean - Closing JPA EntityManagerFactory for persistence unit 'default'
2026-03-25 11:27:32 INFO  [Thread-7] com.zaxxer.hikari.HikariDataSource - HikariPool-2 - Shutdown initiated...
2026-03-25 11:27:32 INFO  [Thread-7] com.zaxxer.hikari.HikariDataSource - HikariPool-2 - Shutdown completed.
2026-03-25 11:27:32 INFO  [restartedMain] com.coforge.UserLoggingSpringBootApplication - Starting UserLoggingSpringBootApplication using Java 21.0.10 with PID 19948 (C:\Users\Anurag.4.Tiwari\Downloads\UserLoggingSpringBoot\target\classes started by Anurag.4.Tiwari in C:\Users\Anurag.4.Tiwari\Downloads\UserLoggingSpringBoot)
2026-03-25 11:27:32 INFO  [restartedMain] com.coforge.UserLoggingSpringBootApplication - No active profile set, falling back to 1 default profile: "default"
2026-03-25 11:27:33 INFO  [restartedMain] org.springframework.data.repository.config.RepositoryConfigurationDelegate - Bootstrapping Spring Data JPA repositories in DEFAULT mode.
2026-03-25 11:27:33 INFO  [restartedMain] org.springframework.data.repository.config.RepositoryConfigurationDelegate - Finished Spring Data repository scanning in 14 ms. Found 1 JPA repository interface.
2026-03-25 11:27:33 INFO  [restartedMain] org.springframework.boot.web.embedded.tomcat.TomcatWebServer - Tomcat initialized with port 8080 (http)
2026-03-25 11:27:33 INFO  [restartedMain] org.apache.coyote.http11.Http11NioProtocol - Initializing ProtocolHandler ["http-nio-8080"]
2026-03-25 11:27:33 INFO  [restartedMain] org.apache.catalina.core.StandardService - Starting service [Tomcat]
2026-03-25 11:27:33 INFO  [restartedMain] org.apache.catalina.core.StandardEngine - Starting Servlet engine: [Apache Tomcat/10.1.52]
2026-03-25 11:27:33 INFO  [restartedMain] org.apache.catalina.core.ContainerBase.[Tomcat].[localhost].[/] - Initializing Spring embedded WebApplicationContext
2026-03-25 11:27:33 INFO  [restartedMain] org.springframework.boot.web.servlet.context.ServletWebServerApplicationContext - Root WebApplicationContext: initialization completed in 376 ms
2026-03-25 11:27:33 INFO  [restartedMain] org.hibernate.jpa.internal.util.LogHelper - HHH000204: Processing PersistenceUnitInfo [name: default]
2026-03-25 11:27:33 INFO  [restartedMain] org.hibernate.cache.internal.RegionFactoryInitiator - HHH000026: Second-level cache disabled
2026-03-25 11:27:33 INFO  [restartedMain] org.springframework.orm.jpa.persistenceunit.SpringPersistenceUnitInfo - No LoadTimeWeaver setup: ignoring JPA class transformer
2026-03-25 11:27:33 INFO  [restartedMain] com.zaxxer.hikari.HikariDataSource - HikariPool-3 - Starting...
2026-03-25 11:27:33 INFO  [restartedMain] com.zaxxer.hikari.pool.HikariPool - HikariPool-3 - Added connection com.mysql.cj.jdbc.ConnectionImpl@424cb990
2026-03-25 11:27:33 INFO  [restartedMain] com.zaxxer.hikari.HikariDataSource - HikariPool-3 - Start completed.
2026-03-25 11:27:33 WARN  [restartedMain] org.hibernate.orm.deprecation - HHH90000025: MySQLDialect does not need to be specified explicitly using 'hibernate.dialect' (remove the property setting and it will be selected by default)
2026-03-25 11:27:33 INFO  [restartedMain] org.hibernate.orm.connections.pooling - HHH10001005: Database info:
	Database JDBC URL [Connecting through datasource 'HikariDataSource (HikariPool-3)']
	Database driver: undefined/unknown
	Database version: 8.0.45
	Autocommit mode: undefined/unknown
	Isolation level: undefined/unknown
	Minimum pool size: undefined/unknown
	Maximum pool size: undefined/unknown
2026-03-25 11:27:33 INFO  [restartedMain] org.hibernate.engine.transaction.jta.platform.internal.JtaPlatformInitiator - HHH000489: No JTA platform available (set 'hibernate.transaction.jta.platform' to enable JTA platform integration)
2026-03-25 11:27:33 INFO  [restartedMain] org.springframework.orm.jpa.LocalContainerEntityManagerFactoryBean - Initialized JPA EntityManagerFactory for persistence unit 'default'
2026-03-25 11:27:33 WARN  [restartedMain] org.springframework.boot.autoconfigure.orm.jpa.JpaBaseConfiguration$JpaWebConfiguration - spring.jpa.open-in-view is enabled by default. Therefore, database queries may be performed during view rendering. Explicitly configure spring.jpa.open-in-view to disable this warning
2026-03-25 11:27:33 INFO  [restartedMain] org.springframework.boot.devtools.autoconfigure.OptionalLiveReloadServer - LiveReload server is running on port 35729
2026-03-25 11:27:33 INFO  [restartedMain] org.apache.coyote.http11.Http11NioProtocol - Starting ProtocolHandler ["http-nio-8080"]
2026-03-25 11:27:33 INFO  [restartedMain] org.springframework.boot.web.embedded.tomcat.TomcatWebServer - Tomcat started on port 8080 (http) with context path '/'
2026-03-25 11:27:33 INFO  [restartedMain] com.coforge.UserLoggingSpringBootApplication - Started UserLoggingSpringBootApplication in 0.865 seconds (process running for 1040.888)
2026-03-25 11:27:33 INFO  [restartedMain] org.springframework.boot.devtools.autoconfigure.ConditionEvaluationDeltaLoggingListener - Condition evaluation unchanged
2026-03-25 11:27:39 INFO  [File Watcher] org.springframework.boot.devtools.autoconfigure.LocalDevToolsAutoConfiguration$RestartingClassPathChangeChangedEventListener - Restarting due to 1 class path change (0 additions, 0 deletions, 1 modification)
2026-03-25 11:27:39 INFO  [Thread-11] org.springframework.boot.web.embedded.tomcat.GracefulShutdown - Commencing graceful shutdown. Waiting for active requests to complete
2026-03-25 11:27:39 INFO  [tomcat-shutdown] org.apache.coyote.http11.Http11NioProtocol - Pausing ProtocolHandler ["http-nio-8080"]
2026-03-25 11:27:39 INFO  [tomcat-shutdown] org.springframework.boot.web.embedded.tomcat.GracefulShutdown - Graceful shutdown complete
2026-03-25 11:27:39 INFO  [Thread-11] org.apache.coyote.http11.Http11NioProtocol - Stopping ProtocolHandler ["http-nio-8080"]
2026-03-25 11:27:39 INFO  [Thread-11] org.springframework.orm.jpa.LocalContainerEntityManagerFactoryBean - Closing JPA EntityManagerFactory for persistence unit 'default'
2026-03-25 11:27:39 INFO  [Thread-11] com.zaxxer.hikari.HikariDataSource - HikariPool-3 - Shutdown initiated...
2026-03-25 11:27:39 INFO  [Thread-11] com.zaxxer.hikari.HikariDataSource - HikariPool-3 - Shutdown completed.
2026-03-25 11:27:39 INFO  [restartedMain] com.coforge.UserLoggingSpringBootApplication - Starting UserLoggingSpringBootApplication using Java 21.0.10 with PID 19948 (C:\Users\Anurag.4.Tiwari\Downloads\UserLoggingSpringBoot\target\classes started by Anurag.4.Tiwari in C:\Users\Anurag.4.Tiwari\Downloads\UserLoggingSpringBoot)
2026-03-25 11:27:39 INFO  [restartedMain] com.coforge.UserLoggingSpringBootApplication - No active profile set, falling back to 1 default profile: "default"
2026-03-25 11:27:39 INFO  [restartedMain] org.springframework.data.repository.config.RepositoryConfigurationDelegate - Bootstrapping Spring Data JPA repositories in DEFAULT mode.
2026-03-25 11:27:39 INFO  [restartedMain] org.springframework.data.repository.config.RepositoryConfigurationDelegate - Finished Spring Data repository scanning in 13 ms. Found 1 JPA repository interface.
2026-03-25 11:27:39 INFO  [restartedMain] org.springframework.boot.web.embedded.tomcat.TomcatWebServer - Tomcat initialized with port 8080 (http)
2026-03-25 11:27:39 INFO  [restartedMain] org.apache.coyote.http11.Http11NioProtocol - Initializing ProtocolHandler ["http-nio-8080"]
2026-03-25 11:27:39 INFO  [restartedMain] org.apache.catalina.core.StandardService - Starting service [Tomcat]
2026-03-25 11:27:39 INFO  [restartedMain] org.apache.catalina.core.StandardEngine - Starting Servlet engine: [Apache Tomcat/10.1.52]
2026-03-25 11:27:39 INFO  [restartedMain] org.apache.catalina.core.ContainerBase.[Tomcat].[localhost].[/] - Initializing Spring embedded WebApplicationContext
2026-03-25 11:27:39 INFO  [restartedMain] org.springframework.boot.web.servlet.context.ServletWebServerApplicationContext - Root WebApplicationContext: initialization completed in 297 ms
2026-03-25 11:27:39 INFO  [restartedMain] org.hibernate.jpa.internal.util.LogHelper - HHH000204: Processing PersistenceUnitInfo [name: default]
2026-03-25 11:27:39 INFO  [restartedMain] org.hibernate.cache.internal.RegionFactoryInitiator - HHH000026: Second-level cache disabled
2026-03-25 11:27:39 INFO  [restartedMain] org.springframework.orm.jpa.persistenceunit.SpringPersistenceUnitInfo - No LoadTimeWeaver setup: ignoring JPA class transformer
2026-03-25 11:27:39 INFO  [restartedMain] com.zaxxer.hikari.HikariDataSource - HikariPool-4 - Starting...
2026-03-25 11:27:39 INFO  [restartedMain] com.zaxxer.hikari.pool.HikariPool - HikariPool-4 - Added connection com.mysql.cj.jdbc.ConnectionImpl@279b7974
2026-03-25 11:27:39 INFO  [restartedMain] com.zaxxer.hikari.HikariDataSource - HikariPool-4 - Start completed.
2026-03-25 11:27:39 WARN  [restartedMain] org.hibernate.orm.deprecation - HHH90000025: MySQLDialect does not need to be specified explicitly using 'hibernate.dialect' (remove the property setting and it will be selected by default)
2026-03-25 11:27:39 INFO  [restartedMain] org.hibernate.orm.connections.pooling - HHH10001005: Database info:
	Database JDBC URL [Connecting through datasource 'HikariDataSource (HikariPool-4)']
	Database driver: undefined/unknown
	Database version: 8.0.45
	Autocommit mode: undefined/unknown
	Isolation level: undefined/unknown
	Minimum pool size: undefined/unknown
	Maximum pool size: undefined/unknown
2026-03-25 11:27:39 INFO  [restartedMain] org.hibernate.engine.transaction.jta.platform.internal.JtaPlatformInitiator - HHH000489: No JTA platform available (set 'hibernate.transaction.jta.platform' to enable JTA platform integration)
2026-03-25 11:27:39 INFO  [restartedMain] org.springframework.orm.jpa.LocalContainerEntityManagerFactoryBean - Initialized JPA EntityManagerFactory for persistence unit 'default'
2026-03-25 11:27:40 WARN  [restartedMain] org.springframework.boot.autoconfigure.orm.jpa.JpaBaseConfiguration$JpaWebConfiguration - spring.jpa.open-in-view is enabled by default. Therefore, database queries may be performed during view rendering. Explicitly configure spring.jpa.open-in-view to disable this warning
2026-03-25 11:27:40 INFO  [restartedMain] org.springframework.boot.devtools.autoconfigure.OptionalLiveReloadServer - LiveReload server is running on port 35729
2026-03-25 11:27:40 INFO  [restartedMain] org.apache.coyote.http11.Http11NioProtocol - Starting ProtocolHandler ["http-nio-8080"]
2026-03-25 11:27:40 INFO  [restartedMain] org.springframework.boot.web.embedded.tomcat.TomcatWebServer - Tomcat started on port 8080 (http) with context path '/'
2026-03-25 11:27:40 INFO  [restartedMain] com.coforge.UserLoggingSpringBootApplication - Started UserLoggingSpringBootApplication in 0.637 seconds (process running for 1047.201)
2026-03-25 11:27:40 INFO  [restartedMain] org.springframework.boot.devtools.autoconfigure.ConditionEvaluationDeltaLoggingListener - Condition evaluation unchanged
2026-03-25 11:27:48 INFO  [RMI TCP Connection(22)-127.0.0.1] org.springframework.boot.admin.SpringApplicationAdminMXBeanRegistrar$SpringApplicationAdmin - Application shutdown requested.
2026-03-25 11:27:48 INFO  [RMI TCP Connection(22)-127.0.0.1] org.springframework.boot.web.embedded.tomcat.GracefulShutdown - Commencing graceful shutdown. Waiting for active requests to complete
2026-03-25 11:27:48 INFO  [tomcat-shutdown] org.apache.coyote.http11.Http11NioProtocol - Pausing ProtocolHandler ["http-nio-8080"]
2026-03-25 11:27:48 INFO  [tomcat-shutdown] org.springframework.boot.web.embedded.tomcat.GracefulShutdown - Graceful shutdown complete
2026-03-25 11:27:48 INFO  [RMI TCP Connection(22)-127.0.0.1] org.apache.coyote.http11.Http11NioProtocol - Stopping ProtocolHandler ["http-nio-8080"]
2026-03-25 11:27:48 INFO  [RMI TCP Connection(22)-127.0.0.1] org.springframework.orm.jpa.LocalContainerEntityManagerFactoryBean - Closing JPA EntityManagerFactory for persistence unit 'default'
2026-03-25 11:27:48 INFO  [RMI TCP Connection(22)-127.0.0.1] com.zaxxer.hikari.HikariDataSource - HikariPool-4 - Shutdown initiated...
2026-03-25 11:27:48 INFO  [RMI TCP Connection(22)-127.0.0.1] com.zaxxer.hikari.HikariDataSource - HikariPool-4 - Shutdown completed.
2026-03-25 11:27:52 INFO  [restartedMain] com.coforge.UserLoggingSpringBootApplication - Starting UserLoggingSpringBootApplication using Java 21.0.10 with PID 6640 (C:\Users\Anurag.4.Tiwari\Downloads\UserLoggingSpringBoot\target\classes started by Anurag.4.Tiwari in C:\Users\Anurag.4.Tiwari\Downloads\UserLoggingSpringBoot)
2026-03-25 11:27:52 INFO  [restartedMain] com.coforge.UserLoggingSpringBootApplication - No active profile set, falling back to 1 default profile: "default"
2026-03-25 11:27:52 INFO  [restartedMain] org.springframework.boot.devtools.env.DevToolsPropertyDefaultsPostProcessor - Devtools property defaults active! Set 'spring.devtools.add-properties' to 'false' to disable
2026-03-25 11:27:52 INFO  [restartedMain] org.springframework.boot.devtools.env.DevToolsPropertyDefaultsPostProcessor - For additional web related logging consider setting the 'logging.level.web' property to 'DEBUG'
2026-03-25 11:27:53 INFO  [restartedMain] org.springframework.data.repository.config.RepositoryConfigurationDelegate - Bootstrapping Spring Data JPA repositories in DEFAULT mode.
2026-03-25 11:27:53 INFO  [restartedMain] org.springframework.data.repository.config.RepositoryConfigurationDelegate - Finished Spring Data repository scanning in 48 ms. Found 1 JPA repository interface.
2026-03-25 11:27:54 INFO  [restartedMain] org.springframework.boot.web.embedded.tomcat.TomcatWebServer - Tomcat initialized with port 8080 (http)
2026-03-25 11:27:54 INFO  [restartedMain] org.apache.coyote.http11.Http11NioProtocol - Initializing ProtocolHandler ["http-nio-8080"]
2026-03-25 11:27:54 INFO  [restartedMain] org.apache.catalina.core.StandardService - Starting service [Tomcat]
2026-03-25 11:27:54 INFO  [restartedMain] org.apache.catalina.core.StandardEngine - Starting Servlet engine: [Apache Tomcat/10.1.52]
2026-03-25 11:27:54 INFO  [restartedMain] org.apache.catalina.core.ContainerBase.[Tomcat].[localhost].[/] - Initializing Spring embedded WebApplicationContext
2026-03-25 11:27:54 INFO  [restartedMain] org.springframework.boot.web.servlet.context.ServletWebServerApplicationContext - Root WebApplicationContext: initialization completed in 2000 ms
2026-03-25 11:27:55 INFO  [restartedMain] org.hibernate.jpa.internal.util.LogHelper - HHH000204: Processing PersistenceUnitInfo [name: default]
2026-03-25 11:27:55 INFO  [restartedMain] org.hibernate.Version - HHH000412: Hibernate ORM core version 6.6.44.Final
2026-03-25 11:27:55 INFO  [restartedMain] org.hibernate.cache.internal.RegionFactoryInitiator - HHH000026: Second-level cache disabled
2026-03-25 11:27:55 INFO  [restartedMain] org.springframework.orm.jpa.persistenceunit.SpringPersistenceUnitInfo - No LoadTimeWeaver setup: ignoring JPA class transformer
2026-03-25 11:27:55 INFO  [restartedMain] com.zaxxer.hikari.HikariDataSource - HikariPool-1 - Starting...
2026-03-25 11:27:55 INFO  [restartedMain] com.zaxxer.hikari.pool.HikariPool - HikariPool-1 - Added connection com.mysql.cj.jdbc.ConnectionImpl@3f9bfb20
2026-03-25 11:27:55 INFO  [restartedMain] com.zaxxer.hikari.HikariDataSource - HikariPool-1 - Start completed.
2026-03-25 11:27:56 WARN  [restartedMain] org.hibernate.orm.deprecation - HHH90000025: MySQLDialect does not need to be specified explicitly using 'hibernate.dialect' (remove the property setting and it will be selected by default)
2026-03-25 11:27:56 INFO  [restartedMain] org.hibernate.orm.connections.pooling - HHH10001005: Database info:
	Database JDBC URL [Connecting through datasource 'HikariDataSource (HikariPool-1)']
	Database driver: undefined/unknown
	Database version: 8.0.45
	Autocommit mode: undefined/unknown
	Isolation level: undefined/unknown
	Minimum pool size: undefined/unknown
	Maximum pool size: undefined/unknown
2026-03-25 11:27:57 INFO  [restartedMain] org.hibernate.engine.transaction.jta.platform.internal.JtaPlatformInitiator - HHH000489: No JTA platform available (set 'hibernate.transaction.jta.platform' to enable JTA platform integration)
2026-03-25 11:27:57 INFO  [restartedMain] org.springframework.orm.jpa.LocalContainerEntityManagerFactoryBean - Initialized JPA EntityManagerFactory for persistence unit 'default'
2026-03-25 11:27:57 WARN  [restartedMain] org.springframework.boot.autoconfigure.orm.jpa.JpaBaseConfiguration$JpaWebConfiguration - spring.jpa.open-in-view is enabled by default. Therefore, database queries may be performed during view rendering. Explicitly configure spring.jpa.open-in-view to disable this warning
2026-03-25 11:27:58 INFO  [restartedMain] org.springframework.boot.devtools.autoconfigure.OptionalLiveReloadServer - LiveReload server is running on port 35729
2026-03-25 11:27:58 INFO  [restartedMain] org.springframework.boot.actuate.endpoint.web.EndpointLinksResolver - Exposing 5 endpoints beneath base path '/actuator'
2026-03-25 11:27:58 INFO  [restartedMain] org.apache.coyote.http11.Http11NioProtocol - Starting ProtocolHandler ["http-nio-8080"]
2026-03-25 11:27:58 INFO  [restartedMain] org.springframework.boot.web.embedded.tomcat.TomcatWebServer - Tomcat started on port 8080 (http) with context path '/'
2026-03-25 11:27:58 INFO  [restartedMain] com.coforge.UserLoggingSpringBootApplication - Started UserLoggingSpringBootApplication in 5.997 seconds (process running for 7.451)
2026-03-25 11:27:59 INFO  [RMI TCP Connection(4)-127.0.0.1] org.apache.catalina.core.ContainerBase.[Tomcat].[localhost].[/] - Initializing Spring DispatcherServlet 'dispatcherServlet'
2026-03-25 11:27:59 INFO  [RMI TCP Connection(4)-127.0.0.1] org.springframework.web.servlet.DispatcherServlet - Initializing Servlet 'dispatcherServlet'
2026-03-25 11:27:59 INFO  [RMI TCP Connection(4)-127.0.0.1] org.springframework.web.servlet.DispatcherServlet - Completed initialization in 2 ms
2026-03-25 12:01:06 INFO  [RMI TCP Connection(38)-127.0.0.1] org.springframework.boot.admin.SpringApplicationAdminMXBeanRegistrar$SpringApplicationAdmin - Application shutdown requested.
2026-03-25 12:01:06 INFO  [RMI TCP Connection(38)-127.0.0.1] org.springframework.boot.web.embedded.tomcat.GracefulShutdown - Commencing graceful shutdown. Waiting for active requests to complete
2026-03-25 12:01:06 INFO  [tomcat-shutdown] org.apache.coyote.http11.Http11NioProtocol - Pausing ProtocolHandler ["http-nio-8080"]
2026-03-25 12:01:06 INFO  [tomcat-shutdown] org.springframework.boot.web.embedded.tomcat.GracefulShutdown - Graceful shutdown complete
2026-03-25 12:01:06 INFO  [RMI TCP Connection(38)-127.0.0.1] org.apache.coyote.http11.Http11NioProtocol - Stopping ProtocolHandler ["http-nio-8080"]
2026-03-25 12:01:06 INFO  [RMI TCP Connection(38)-127.0.0.1] org.springframework.orm.jpa.LocalContainerEntityManagerFactoryBean - Closing JPA EntityManagerFactory for persistence unit 'default'
2026-03-25 12:01:06 INFO  [RMI TCP Connection(38)-127.0.0.1] com.zaxxer.hikari.HikariDataSource - HikariPool-1 - Shutdown initiated...
2026-03-25 12:01:06 INFO  [RMI TCP Connection(38)-127.0.0.1] com.zaxxer.hikari.HikariDataSource - HikariPool-1 - Shutdown completed.
2026-03-25 12:01:13 INFO  [restartedMain] com.coforge.UserLoggingSpringBootApplication - Starting UserLoggingSpringBootApplication using Java 21.0.10 with PID 9076 (C:\Users\Anurag.4.Tiwari\Downloads\UserLoggingSpringBoot\target\classes started by Anurag.4.Tiwari in C:\Users\Anurag.4.Tiwari\Downloads\UserLoggingSpringBoot)
2026-03-25 12:01:13 INFO  [restartedMain] com.coforge.UserLoggingSpringBootApplication - No active profile set, falling back to 1 default profile: "default"
2026-03-25 12:01:13 INFO  [restartedMain] org.springframework.boot.devtools.env.DevToolsPropertyDefaultsPostProcessor - Devtools property defaults active! Set 'spring.devtools.add-properties' to 'false' to disable
2026-03-25 12:01:13 INFO  [restartedMain] org.springframework.boot.devtools.env.DevToolsPropertyDefaultsPostProcessor - For additional web related logging consider setting the 'logging.level.web' property to 'DEBUG'
2026-03-25 12:01:14 INFO  [restartedMain] org.springframework.data.repository.config.RepositoryConfigurationDelegate - Bootstrapping Spring Data JPA repositories in DEFAULT mode.
2026-03-25 12:01:14 INFO  [restartedMain] org.springframework.data.repository.config.RepositoryConfigurationDelegate - Finished Spring Data repository scanning in 40 ms. Found 1 JPA repository interface.
2026-03-25 12:01:14 INFO  [restartedMain] org.springframework.boot.web.embedded.tomcat.TomcatWebServer - Tomcat initialized with port 8080 (http)
2026-03-25 12:01:14 INFO  [restartedMain] org.apache.coyote.http11.Http11NioProtocol - Initializing ProtocolHandler ["http-nio-8080"]
2026-03-25 12:01:14 INFO  [restartedMain] org.apache.catalina.core.StandardService - Starting service [Tomcat]
2026-03-25 12:01:14 INFO  [restartedMain] org.apache.catalina.core.StandardEngine - Starting Servlet engine: [Apache Tomcat/10.1.52]
2026-03-25 12:01:14 INFO  [restartedMain] org.apache.catalina.core.ContainerBase.[Tomcat].[localhost].[/] - Initializing Spring embedded WebApplicationContext
2026-03-25 12:01:14 INFO  [restartedMain] org.springframework.boot.web.servlet.context.ServletWebServerApplicationContext - Root WebApplicationContext: initialization completed in 1432 ms
2026-03-25 12:01:15 INFO  [restartedMain] org.hibernate.jpa.internal.util.LogHelper - HHH000204: Processing PersistenceUnitInfo [name: default]
2026-03-25 12:01:15 INFO  [restartedMain] org.hibernate.Version - HHH000412: Hibernate ORM core version 6.6.44.Final
2026-03-25 12:01:15 INFO  [restartedMain] org.hibernate.cache.internal.RegionFactoryInitiator - HHH000026: Second-level cache disabled
2026-03-25 12:01:15 INFO  [restartedMain] org.springframework.orm.jpa.persistenceunit.SpringPersistenceUnitInfo - No LoadTimeWeaver setup: ignoring JPA class transformer
2026-03-25 12:01:15 INFO  [restartedMain] com.zaxxer.hikari.HikariDataSource - HikariPool-1 - Starting...
2026-03-25 12:01:15 INFO  [restartedMain] com.zaxxer.hikari.pool.HikariPool - HikariPool-1 - Added connection com.mysql.cj.jdbc.ConnectionImpl@69189157
2026-03-25 12:01:15 INFO  [restartedMain] com.zaxxer.hikari.HikariDataSource - HikariPool-1 - Start completed.
2026-03-25 12:01:15 WARN  [restartedMain] org.hibernate.orm.deprecation - HHH90000025: MySQLDialect does not need to be specified explicitly using 'hibernate.dialect' (remove the property setting and it will be selected by default)
2026-03-25 12:01:15 INFO  [restartedMain] org.hibernate.orm.connections.pooling - HHH10001005: Database info:
	Database JDBC URL [Connecting through datasource 'HikariDataSource (HikariPool-1)']
	Database driver: undefined/unknown
	Database version: 8.0.45
	Autocommit mode: undefined/unknown
	Isolation level: undefined/unknown
	Minimum pool size: undefined/unknown
	Maximum pool size: undefined/unknown
2026-03-25 12:01:16 INFO  [restartedMain] org.hibernate.engine.transaction.jta.platform.internal.JtaPlatformInitiator - HHH000489: No JTA platform available (set 'hibernate.transaction.jta.platform' to enable JTA platform integration)
2026-03-25 12:01:16 INFO  [restartedMain] org.springframework.orm.jpa.LocalContainerEntityManagerFactoryBean - Initialized JPA EntityManagerFactory for persistence unit 'default'
2026-03-25 12:01:16 WARN  [restartedMain] org.springframework.boot.autoconfigure.orm.jpa.JpaBaseConfiguration$JpaWebConfiguration - spring.jpa.open-in-view is enabled by default. Therefore, database queries may be performed during view rendering. Explicitly configure spring.jpa.open-in-view to disable this warning
2026-03-25 12:01:17 WARN  [restartedMain] org.springframework.boot.autoconfigure.security.servlet.UserDetailsServiceAutoConfiguration - 

Using generated security password: 125ac703-f903-4575-b8c2-55b22955107c

This generated password is for development use only. Your security configuration must be updated before running your application in production.

2026-03-25 12:01:17 INFO  [restartedMain] org.springframework.security.config.annotation.authentication.configuration.InitializeUserDetailsBeanManagerConfigurer$InitializeUserDetailsManagerConfigurer - Global AuthenticationManager configured with UserDetailsService bean with name inMemoryUserDetailsManager
2026-03-25 12:01:17 INFO  [restartedMain] org.springframework.boot.actuate.endpoint.web.EndpointLinksResolver - Exposing 5 endpoints beneath base path '/actuator'
2026-03-25 12:01:17 INFO  [restartedMain] org.springframework.boot.devtools.autoconfigure.OptionalLiveReloadServer - LiveReload server is running on port 35729
2026-03-25 12:01:17 INFO  [restartedMain] org.apache.coyote.http11.Http11NioProtocol - Starting ProtocolHandler ["http-nio-8080"]
2026-03-25 12:01:17 INFO  [restartedMain] org.springframework.boot.web.embedded.tomcat.TomcatWebServer - Tomcat started on port 8080 (http) with context path '/'
2026-03-25 12:01:17 INFO  [restartedMain] com.coforge.UserLoggingSpringBootApplication - Started UserLoggingSpringBootApplication in 4.42 seconds (process running for 5.723)
2026-03-25 12:01:18 INFO  [RMI TCP Connection(4)-127.0.0.1] org.apache.catalina.core.ContainerBase.[Tomcat].[localhost].[/] - Initializing Spring DispatcherServlet 'dispatcherServlet'
2026-03-25 12:01:18 INFO  [RMI TCP Connection(4)-127.0.0.1] org.springframework.web.servlet.DispatcherServlet - Initializing Servlet 'dispatcherServlet'
2026-03-25 12:01:18 INFO  [RMI TCP Connection(4)-127.0.0.1] org.springframework.web.servlet.DispatcherServlet - Completed initialization in 2 ms
2026-03-25 12:04:37 INFO  [http-nio-8080-exec-10] com.coforge.controllers.UserController - Fetching All Users Info
2026-03-25 12:04:37 INFO  [http-nio-8080-exec-10] com.coforge.controllers.UserController - Fetching All Users Info
2026-03-25 12:08:18 INFO  [RMI TCP Connection(12)-127.0.0.1] org.springframework.boot.admin.SpringApplicationAdminMXBeanRegistrar$SpringApplicationAdmin - Application shutdown requested.
2026-03-25 12:08:18 INFO  [RMI TCP Connection(12)-127.0.0.1] org.springframework.boot.web.embedded.tomcat.GracefulShutdown - Commencing graceful shutdown. Waiting for active requests to complete
2026-03-25 12:08:18 INFO  [tomcat-shutdown] org.apache.coyote.http11.Http11NioProtocol - Pausing ProtocolHandler ["http-nio-8080"]
2026-03-25 12:08:18 INFO  [tomcat-shutdown] org.springframework.boot.web.embedded.tomcat.GracefulShutdown - Graceful shutdown complete
2026-03-25 12:08:18 INFO  [RMI TCP Connection(12)-127.0.0.1] org.apache.coyote.http11.Http11NioProtocol - Stopping ProtocolHandler ["http-nio-8080"]
2026-03-25 12:08:18 INFO  [RMI TCP Connection(12)-127.0.0.1] org.springframework.orm.jpa.LocalContainerEntityManagerFactoryBean - Closing JPA EntityManagerFactory for persistence unit 'default'
2026-03-25 12:08:18 INFO  [RMI TCP Connection(12)-127.0.0.1] com.zaxxer.hikari.HikariDataSource - HikariPool-1 - Shutdown initiated...
2026-03-25 12:08:18 INFO  [RMI TCP Connection(12)-127.0.0.1] com.zaxxer.hikari.HikariDataSource - HikariPool-1 - Shutdown completed.
2026-03-25 12:08:22 INFO  [restartedMain] com.coforge.UserLoggingSpringBootApplication - Starting UserLoggingSpringBootApplication using Java 21.0.10 with PID 19904 (C:\Users\Anurag.4.Tiwari\Downloads\UserLoggingSpringBoot\target\classes started by Anurag.4.Tiwari in C:\Users\Anurag.4.Tiwari\Downloads\UserLoggingSpringBoot)
2026-03-25 12:08:22 INFO  [restartedMain] com.coforge.UserLoggingSpringBootApplication - No active profile set, falling back to 1 default profile: "default"
2026-03-25 12:08:22 INFO  [restartedMain] org.springframework.boot.devtools.env.DevToolsPropertyDefaultsPostProcessor - Devtools property defaults active! Set 'spring.devtools.add-properties' to 'false' to disable
2026-03-25 12:08:22 INFO  [restartedMain] org.springframework.boot.devtools.env.DevToolsPropertyDefaultsPostProcessor - For additional web related logging consider setting the 'logging.level.web' property to 'DEBUG'
2026-03-25 12:08:23 INFO  [restartedMain] org.springframework.data.repository.config.RepositoryConfigurationDelegate - Bootstrapping Spring Data JPA repositories in DEFAULT mode.
2026-03-25 12:08:23 INFO  [restartedMain] org.springframework.data.repository.config.RepositoryConfigurationDelegate - Finished Spring Data repository scanning in 42 ms. Found 1 JPA repository interface.
2026-03-25 12:08:23 INFO  [restartedMain] org.springframework.boot.web.embedded.tomcat.TomcatWebServer - Tomcat initialized with port 8080 (http)
2026-03-25 12:08:23 INFO  [restartedMain] org.apache.coyote.http11.Http11NioProtocol - Initializing ProtocolHandler ["http-nio-8080"]
2026-03-25 12:08:23 INFO  [restartedMain] org.apache.catalina.core.StandardService - Starting service [Tomcat]
2026-03-25 12:08:23 INFO  [restartedMain] org.apache.catalina.core.StandardEngine - Starting Servlet engine: [Apache Tomcat/10.1.52]
2026-03-25 12:08:23 INFO  [restartedMain] org.apache.catalina.core.ContainerBase.[Tomcat].[localhost].[/] - Initializing Spring embedded WebApplicationContext
2026-03-25 12:08:23 INFO  [restartedMain] org.springframework.boot.web.servlet.context.ServletWebServerApplicationContext - Root WebApplicationContext: initialization completed in 1427 ms
2026-03-25 12:08:24 INFO  [restartedMain] org.hibernate.jpa.internal.util.LogHelper - HHH000204: Processing PersistenceUnitInfo [name: default]
2026-03-25 12:08:24 INFO  [restartedMain] org.hibernate.Version - HHH000412: Hibernate ORM core version 6.6.44.Final
2026-03-25 12:08:24 INFO  [restartedMain] org.hibernate.cache.internal.RegionFactoryInitiator - HHH000026: Second-level cache disabled
2026-03-25 12:08:24 INFO  [restartedMain] org.springframework.orm.jpa.persistenceunit.SpringPersistenceUnitInfo - No LoadTimeWeaver setup: ignoring JPA class transformer
2026-03-25 12:08:24 INFO  [restartedMain] com.zaxxer.hikari.HikariDataSource - HikariPool-1 - Starting...
2026-03-25 12:08:25 INFO  [restartedMain] com.zaxxer.hikari.pool.HikariPool - HikariPool-1 - Added connection com.mysql.cj.jdbc.ConnectionImpl@4e068b94
2026-03-25 12:08:25 INFO  [restartedMain] com.zaxxer.hikari.HikariDataSource - HikariPool-1 - Start completed.
2026-03-25 12:08:25 WARN  [restartedMain] org.hibernate.orm.deprecation - HHH90000025: MySQLDialect does not need to be specified explicitly using 'hibernate.dialect' (remove the property setting and it will be selected by default)
2026-03-25 12:08:25 INFO  [restartedMain] org.hibernate.orm.connections.pooling - HHH10001005: Database info:
	Database JDBC URL [Connecting through datasource 'HikariDataSource (HikariPool-1)']
	Database driver: undefined/unknown
	Database version: 8.0.45
	Autocommit mode: undefined/unknown
	Isolation level: undefined/unknown
	Minimum pool size: undefined/unknown
	Maximum pool size: undefined/unknown
2026-03-25 12:08:25 INFO  [restartedMain] org.hibernate.engine.transaction.jta.platform.internal.JtaPlatformInitiator - HHH000489: No JTA platform available (set 'hibernate.transaction.jta.platform' to enable JTA platform integration)
2026-03-25 12:08:26 INFO  [restartedMain] org.springframework.orm.jpa.LocalContainerEntityManagerFactoryBean - Initialized JPA EntityManagerFactory for persistence unit 'default'
2026-03-25 12:08:26 WARN  [restartedMain] org.springframework.boot.autoconfigure.orm.jpa.JpaBaseConfiguration$JpaWebConfiguration - spring.jpa.open-in-view is enabled by default. Therefore, database queries may be performed during view rendering. Explicitly configure spring.jpa.open-in-view to disable this warning
2026-03-25 12:08:26 WARN  [restartedMain] org.springframework.boot.autoconfigure.security.servlet.UserDetailsServiceAutoConfiguration - 

Using generated security password: 822fb96f-f7a3-4468-9709-4257cb5d6e26

This generated password is for development use only. Your security configuration must be updated before running your application in production.

2026-03-25 12:08:26 INFO  [restartedMain] org.springframework.security.config.annotation.authentication.configuration.InitializeUserDetailsBeanManagerConfigurer$InitializeUserDetailsManagerConfigurer - Global AuthenticationManager configured with UserDetailsService bean with name inMemoryUserDetailsManager
2026-03-25 12:08:26 INFO  [restartedMain] org.springframework.boot.actuate.endpoint.web.EndpointLinksResolver - Exposing 5 endpoints beneath base path '/actuator'
2026-03-25 12:08:27 INFO  [restartedMain] org.springframework.boot.devtools.autoconfigure.OptionalLiveReloadServer - LiveReload server is running on port 35729
2026-03-25 12:08:27 INFO  [restartedMain] org.apache.coyote.http11.Http11NioProtocol - Starting ProtocolHandler ["http-nio-8080"]
2026-03-25 12:08:27 INFO  [restartedMain] org.springframework.boot.web.embedded.tomcat.TomcatWebServer - Tomcat started on port 8080 (http) with context path '/'
2026-03-25 12:08:27 INFO  [restartedMain] com.coforge.UserLoggingSpringBootApplication - Started UserLoggingSpringBootApplication in 5.157 seconds (process running for 6.554)
2026-03-25 12:08:27 INFO  [RMI TCP Connection(4)-127.0.0.1] org.apache.catalina.core.ContainerBase.[Tomcat].[localhost].[/] - Initializing Spring DispatcherServlet 'dispatcherServlet'
2026-03-25 12:08:27 INFO  [RMI TCP Connection(4)-127.0.0.1] org.springframework.web.servlet.DispatcherServlet - Initializing Servlet 'dispatcherServlet'
2026-03-25 12:08:27 INFO  [RMI TCP Connection(4)-127.0.0.1] org.springframework.web.servlet.DispatcherServlet - Completed initialization in 1 ms
2026-03-25 12:08:38 INFO  [File Watcher] org.springframework.boot.devtools.autoconfigure.LocalDevToolsAutoConfiguration$RestartingClassPathChangeChangedEventListener - Restarting due to 1 class path change (0 additions, 0 deletions, 1 modification)
2026-03-25 12:08:38 INFO  [Thread-5] org.springframework.boot.web.embedded.tomcat.GracefulShutdown - Commencing graceful shutdown. Waiting for active requests to complete
2026-03-25 12:08:38 INFO  [tomcat-shutdown] org.apache.coyote.http11.Http11NioProtocol - Pausing ProtocolHandler ["http-nio-8080"]
2026-03-25 12:08:38 INFO  [tomcat-shutdown] org.springframework.boot.web.embedded.tomcat.GracefulShutdown - Graceful shutdown complete
2026-03-25 12:08:38 INFO  [Thread-5] org.apache.coyote.http11.Http11NioProtocol - Stopping ProtocolHandler ["http-nio-8080"]
2026-03-25 12:08:38 INFO  [Thread-5] org.springframework.orm.jpa.LocalContainerEntityManagerFactoryBean - Closing JPA EntityManagerFactory for persistence unit 'default'
2026-03-25 12:08:38 INFO  [Thread-5] com.zaxxer.hikari.HikariDataSource - HikariPool-1 - Shutdown initiated...
2026-03-25 12:08:38 INFO  [Thread-5] com.zaxxer.hikari.HikariDataSource - HikariPool-1 - Shutdown completed.
2026-03-25 12:08:38 INFO  [restartedMain] com.coforge.UserLoggingSpringBootApplication - Starting UserLoggingSpringBootApplication using Java 21.0.10 with PID 19904 (C:\Users\Anurag.4.Tiwari\Downloads\UserLoggingSpringBoot\target\classes started by Anurag.4.Tiwari in C:\Users\Anurag.4.Tiwari\Downloads\UserLoggingSpringBoot)
2026-03-25 12:08:38 INFO  [restartedMain] com.coforge.UserLoggingSpringBootApplication - No active profile set, falling back to 1 default profile: "default"
2026-03-25 12:08:39 INFO  [restartedMain] org.springframework.data.repository.config.RepositoryConfigurationDelegate - Bootstrapping Spring Data JPA repositories in DEFAULT mode.
2026-03-25 12:08:39 INFO  [restartedMain] org.springframework.data.repository.config.RepositoryConfigurationDelegate - Finished Spring Data repository scanning in 10 ms. Found 1 JPA repository interface.
2026-03-25 12:08:39 INFO  [restartedMain] org.springframework.boot.web.embedded.tomcat.TomcatWebServer - Tomcat initialized with port 8080 (http)
2026-03-25 12:08:39 INFO  [restartedMain] org.apache.coyote.http11.Http11NioProtocol - Initializing ProtocolHandler ["http-nio-8080"]
2026-03-25 12:08:39 INFO  [restartedMain] org.apache.catalina.core.StandardService - Starting service [Tomcat]
2026-03-25 12:08:39 INFO  [restartedMain] org.apache.catalina.core.StandardEngine - Starting Servlet engine: [Apache Tomcat/10.1.52]
2026-03-25 12:08:39 INFO  [restartedMain] org.apache.catalina.core.ContainerBase.[Tomcat].[localhost].[/] - Initializing Spring embedded WebApplicationContext
2026-03-25 12:08:39 INFO  [restartedMain] org.springframework.boot.web.servlet.context.ServletWebServerApplicationContext - Root WebApplicationContext: initialization completed in 428 ms
2026-03-25 12:08:39 INFO  [restartedMain] org.hibernate.jpa.internal.util.LogHelper - HHH000204: Processing PersistenceUnitInfo [name: default]
2026-03-25 12:08:39 INFO  [restartedMain] org.hibernate.cache.internal.RegionFactoryInitiator - HHH000026: Second-level cache disabled
2026-03-25 12:08:39 INFO  [restartedMain] org.springframework.orm.jpa.persistenceunit.SpringPersistenceUnitInfo - No LoadTimeWeaver setup: ignoring JPA class transformer
2026-03-25 12:08:39 INFO  [restartedMain] com.zaxxer.hikari.HikariDataSource - HikariPool-2 - Starting...
2026-03-25 12:08:39 INFO  [restartedMain] com.zaxxer.hikari.pool.HikariPool - HikariPool-2 - Added connection com.mysql.cj.jdbc.ConnectionImpl@4cf7c80
2026-03-25 12:08:39 INFO  [restartedMain] com.zaxxer.hikari.HikariDataSource - HikariPool-2 - Start completed.
2026-03-25 12:08:39 WARN  [restartedMain] org.hibernate.orm.deprecation - HHH90000025: MySQLDialect does not need to be specified explicitly using 'hibernate.dialect' (remove the property setting and it will be selected by default)
2026-03-25 12:08:39 INFO  [restartedMain] org.hibernate.orm.connections.pooling - HHH10001005: Database info:
	Database JDBC URL [Connecting through datasource 'HikariDataSource (HikariPool-2)']
	Database driver: undefined/unknown
	Database version: 8.0.45
	Autocommit mode: undefined/unknown
	Isolation level: undefined/unknown
	Minimum pool size: undefined/unknown
	Maximum pool size: undefined/unknown
2026-03-25 12:08:39 INFO  [restartedMain] org.hibernate.engine.transaction.jta.platform.internal.JtaPlatformInitiator - HHH000489: No JTA platform available (set 'hibernate.transaction.jta.platform' to enable JTA platform integration)
2026-03-25 12:08:39 INFO  [restartedMain] org.springframework.orm.jpa.LocalContainerEntityManagerFactoryBean - Initialized JPA EntityManagerFactory for persistence unit 'default'
2026-03-25 12:08:39 WARN  [restartedMain] org.springframework.boot.autoconfigure.orm.jpa.JpaBaseConfiguration$JpaWebConfiguration - spring.jpa.open-in-view is enabled by default. Therefore, database queries may be performed during view rendering. Explicitly configure spring.jpa.open-in-view to disable this warning
2026-03-25 12:08:39 INFO  [restartedMain] org.springframework.security.config.annotation.authentication.configuration.InitializeUserDetailsBeanManagerConfigurer$InitializeUserDetailsManagerConfigurer - Global AuthenticationManager configured with UserDetailsService bean with name inMemoryUserDetailsManager
2026-03-25 12:08:39 INFO  [restartedMain] org.springframework.boot.actuate.endpoint.web.EndpointLinksResolver - Exposing 5 endpoints beneath base path '/actuator'
2026-03-25 12:08:39 INFO  [restartedMain] org.springframework.boot.devtools.autoconfigure.OptionalLiveReloadServer - LiveReload server is running on port 35729
2026-03-25 12:08:39 INFO  [restartedMain] org.apache.coyote.http11.Http11NioProtocol - Starting ProtocolHandler ["http-nio-8080"]
2026-03-25 12:08:39 INFO  [restartedMain] org.springframework.boot.web.embedded.tomcat.TomcatWebServer - Tomcat started on port 8080 (http) with context path '/'
2026-03-25 12:08:39 INFO  [restartedMain] com.coforge.UserLoggingSpringBootApplication - Started UserLoggingSpringBootApplication in 0.851 seconds (process running for 19.132)
2026-03-25 12:08:39 INFO  [restartedMain] org.springframework.boot.devtools.autoconfigure.ConditionEvaluationDeltaLoggingListener - Condition evaluation unchanged
2026-03-25 12:08:48 INFO  [http-nio-8080-exec-1] org.apache.catalina.core.ContainerBase.[Tomcat].[localhost].[/] - Initializing Spring DispatcherServlet 'dispatcherServlet'
2026-03-25 12:08:48 INFO  [http-nio-8080-exec-1] org.springframework.web.servlet.DispatcherServlet - Initializing Servlet 'dispatcherServlet'
2026-03-25 12:08:48 INFO  [http-nio-8080-exec-1] org.springframework.web.servlet.DispatcherServlet - Completed initialization in 1 ms
2026-03-25 12:08:53 INFO  [http-nio-8080-exec-2] com.coforge.controllers.UserController - Fetching All Users Info
2026-03-25 12:08:53 INFO  [http-nio-8080-exec-2] com.coforge.controllers.UserController - Fetching All Users Info
2026-03-25 12:09:54 INFO  [http-nio-8080-exec-1] com.coforge.controllers.UserController - Fetching All Users Info
2026-03-25 12:09:54 INFO  [http-nio-8080-exec-1] com.coforge.controllers.UserController - Fetching All Users Info
2026-03-25 12:12:54 INFO  [http-nio-8080-exec-4] com.coforge.controllers.UserController - Fetching All Users Info
2026-03-25 12:12:54 INFO  [http-nio-8080-exec-4] com.coforge.controllers.UserController - Fetching All Users Info
2026-03-25 12:14:30 INFO  [http-nio-8080-exec-10] com.coforge.controllers.UserController - Fetching All Users Info
2026-03-25 12:14:30 INFO  [http-nio-8080-exec-10] com.coforge.controllers.UserController - Fetching All Users Info
2026-03-25 12:26:53 INFO  [File Watcher] org.springframework.boot.devtools.autoconfigure.LocalDevToolsAutoConfiguration$RestartingClassPathChangeChangedEventListener - Restarting due to 7 class path changes (0 additions, 0 deletions, 7 modifications)
2026-03-25 12:26:53 INFO  [Thread-7] org.springframework.boot.web.embedded.tomcat.GracefulShutdown - Commencing graceful shutdown. Waiting for active requests to complete
2026-03-25 12:26:53 INFO  [tomcat-shutdown] org.apache.coyote.http11.Http11NioProtocol - Pausing ProtocolHandler ["http-nio-8080"]
2026-03-25 12:26:54 INFO  [tomcat-shutdown] org.springframework.boot.web.embedded.tomcat.GracefulShutdown - Graceful shutdown complete
2026-03-25 12:26:54 INFO  [Thread-7] org.apache.coyote.http11.Http11NioProtocol - Stopping ProtocolHandler ["http-nio-8080"]
2026-03-25 12:26:54 INFO  [Thread-7] org.springframework.orm.jpa.LocalContainerEntityManagerFactoryBean - Closing JPA EntityManagerFactory for persistence unit 'default'
2026-03-25 12:26:54 INFO  [Thread-7] com.zaxxer.hikari.HikariDataSource - HikariPool-2 - Shutdown initiated...
2026-03-25 12:26:54 INFO  [Thread-7] com.zaxxer.hikari.HikariDataSource - HikariPool-2 - Shutdown completed.
2026-03-25 12:26:54 INFO  [restartedMain] com.coforge.UserLoggingSpringBootApplication - Starting UserLoggingSpringBootApplication using Java 21.0.10 with PID 19904 (C:\Users\Anurag.4.Tiwari\Downloads\UserLoggingSpringBoot\target\classes started by Anurag.4.Tiwari in C:\Users\Anurag.4.Tiwari\Downloads\UserLoggingSpringBoot)
2026-03-25 12:26:54 INFO  [restartedMain] com.coforge.UserLoggingSpringBootApplication - No active profile set, falling back to 1 default profile: "default"
2026-03-25 12:26:54 INFO  [restartedMain] org.springframework.data.repository.config.RepositoryConfigurationDelegate - Bootstrapping Spring Data JPA repositories in DEFAULT mode.
2026-03-25 12:26:54 INFO  [restartedMain] org.springframework.data.repository.config.RepositoryConfigurationDelegate - Finished Spring Data repository scanning in 10 ms. Found 1 JPA repository interface.
2026-03-25 12:26:54 INFO  [restartedMain] org.springframework.boot.web.embedded.tomcat.TomcatWebServer - Tomcat initialized with port 8080 (http)
2026-03-25 12:26:54 INFO  [restartedMain] org.apache.coyote.http11.Http11NioProtocol - Initializing ProtocolHandler ["http-nio-8080"]
2026-03-25 12:26:54 INFO  [restartedMain] org.apache.catalina.core.StandardService - Starting service [Tomcat]
2026-03-25 12:26:54 INFO  [restartedMain] org.apache.catalina.core.StandardEngine - Starting Servlet engine: [Apache Tomcat/10.1.52]
2026-03-25 12:26:54 INFO  [restartedMain] org.apache.catalina.core.ContainerBase.[Tomcat].[localhost].[/] - Initializing Spring embedded WebApplicationContext
2026-03-25 12:26:54 INFO  [restartedMain] org.springframework.boot.web.servlet.context.ServletWebServerApplicationContext - Root WebApplicationContext: initialization completed in 467 ms
2026-03-25 12:26:54 INFO  [restartedMain] org.hibernate.jpa.internal.util.LogHelper - HHH000204: Processing PersistenceUnitInfo [name: default]
2026-03-25 12:26:54 INFO  [restartedMain] org.hibernate.cache.internal.RegionFactoryInitiator - HHH000026: Second-level cache disabled
2026-03-25 12:26:54 INFO  [restartedMain] org.springframework.orm.jpa.persistenceunit.SpringPersistenceUnitInfo - No LoadTimeWeaver setup: ignoring JPA class transformer
2026-03-25 12:26:54 INFO  [restartedMain] com.zaxxer.hikari.HikariDataSource - HikariPool-3 - Starting...
2026-03-25 12:26:54 INFO  [restartedMain] com.zaxxer.hikari.pool.HikariPool - HikariPool-3 - Added connection com.mysql.cj.jdbc.ConnectionImpl@5e93e302
2026-03-25 12:26:54 INFO  [restartedMain] com.zaxxer.hikari.HikariDataSource - HikariPool-3 - Start completed.
2026-03-25 12:26:54 WARN  [restartedMain] org.hibernate.orm.deprecation - HHH90000025: MySQLDialect does not need to be specified explicitly using 'hibernate.dialect' (remove the property setting and it will be selected by default)
2026-03-25 12:26:54 INFO  [restartedMain] org.hibernate.orm.connections.pooling - HHH10001005: Database info:
	Database JDBC URL [Connecting through datasource 'HikariDataSource (HikariPool-3)']
	Database driver: undefined/unknown
	Database version: 8.0.45
	Autocommit mode: undefined/unknown
	Isolation level: undefined/unknown
	Minimum pool size: undefined/unknown
	Maximum pool size: undefined/unknown
2026-03-25 12:26:54 INFO  [restartedMain] org.hibernate.engine.transaction.jta.platform.internal.JtaPlatformInitiator - HHH000489: No JTA platform available (set 'hibernate.transaction.jta.platform' to enable JTA platform integration)
2026-03-25 12:26:54 INFO  [restartedMain] org.springframework.orm.jpa.LocalContainerEntityManagerFactoryBean - Initialized JPA EntityManagerFactory for persistence unit 'default'
2026-03-25 12:26:54 WARN  [restartedMain] org.springframework.boot.autoconfigure.orm.jpa.JpaBaseConfiguration$JpaWebConfiguration - spring.jpa.open-in-view is enabled by default. Therefore, database queries may be performed during view rendering. Explicitly configure spring.jpa.open-in-view to disable this warning
2026-03-25 12:26:55 INFO  [restartedMain] org.springframework.security.config.annotation.authentication.configuration.InitializeUserDetailsBeanManagerConfigurer$InitializeUserDetailsManagerConfigurer - Global AuthenticationManager configured with UserDetailsService bean with name inMemoryUserDetailsManager
2026-03-25 12:26:55 INFO  [restartedMain] org.springframework.boot.actuate.endpoint.web.EndpointLinksResolver - Exposing 5 endpoints beneath base path '/actuator'
2026-03-25 12:26:55 INFO  [restartedMain] org.springframework.boot.devtools.autoconfigure.OptionalLiveReloadServer - LiveReload server is running on port 35729
2026-03-25 12:26:55 INFO  [restartedMain] org.apache.coyote.http11.Http11NioProtocol - Starting ProtocolHandler ["http-nio-8080"]
2026-03-25 12:26:55 INFO  [restartedMain] org.springframework.boot.web.embedded.tomcat.TomcatWebServer - Tomcat started on port 8080 (http) with context path '/'
2026-03-25 12:26:55 INFO  [restartedMain] com.coforge.UserLoggingSpringBootApplication - Started UserLoggingSpringBootApplication in 0.983 seconds (process running for 1114.538)
2026-03-25 12:26:55 INFO  [restartedMain] org.springframework.boot.devtools.autoconfigure.ConditionEvaluationDeltaLoggingListener - Condition evaluation unchanged
2026-03-25 12:29:16 INFO  [File Watcher] org.springframework.boot.devtools.autoconfigure.LocalDevToolsAutoConfiguration$RestartingClassPathChangeChangedEventListener - Restarting due to 1 class path change (1 addition, 0 deletions, 0 modifications)
2026-03-25 12:29:16 INFO  [Thread-11] org.springframework.boot.web.embedded.tomcat.GracefulShutdown - Commencing graceful shutdown. Waiting for active requests to complete
2026-03-25 12:29:16 INFO  [tomcat-shutdown] org.apache.coyote.http11.Http11NioProtocol - Pausing ProtocolHandler ["http-nio-8080"]
2026-03-25 12:29:16 INFO  [tomcat-shutdown] org.springframework.boot.web.embedded.tomcat.GracefulShutdown - Graceful shutdown complete
2026-03-25 12:29:16 INFO  [Thread-11] org.apache.coyote.http11.Http11NioProtocol - Stopping ProtocolHandler ["http-nio-8080"]
2026-03-25 12:29:16 INFO  [Thread-11] org.springframework.orm.jpa.LocalContainerEntityManagerFactoryBean - Closing JPA EntityManagerFactory for persistence unit 'default'
2026-03-25 12:29:16 INFO  [Thread-11] com.zaxxer.hikari.HikariDataSource - HikariPool-3 - Shutdown initiated...
2026-03-25 12:29:16 INFO  [Thread-11] com.zaxxer.hikari.HikariDataSource - HikariPool-3 - Shutdown completed.
2026-03-25 12:29:16 INFO  [restartedMain] com.coforge.UserLoggingSpringBootApplication - Starting UserLoggingSpringBootApplication using Java 21.0.10 with PID 19904 (C:\Users\Anurag.4.Tiwari\Downloads\UserLoggingSpringBoot\target\classes started by Anurag.4.Tiwari in C:\Users\Anurag.4.Tiwari\Downloads\UserLoggingSpringBoot)
2026-03-25 12:29:16 INFO  [restartedMain] com.coforge.UserLoggingSpringBootApplication - No active profile set, falling back to 1 default profile: "default"
2026-03-25 12:29:17 INFO  [restartedMain] org.springframework.data.repository.config.RepositoryConfigurationDelegate - Bootstrapping Spring Data JPA repositories in DEFAULT mode.
2026-03-25 12:29:17 INFO  [restartedMain] org.springframework.data.repository.config.RepositoryConfigurationDelegate - Finished Spring Data repository scanning in 10 ms. Found 1 JPA repository interface.
2026-03-25 12:29:17 INFO  [restartedMain] org.springframework.boot.web.embedded.tomcat.TomcatWebServer - Tomcat initialized with port 8080 (http)
2026-03-25 12:29:17 INFO  [restartedMain] org.apache.coyote.http11.Http11NioProtocol - Initializing ProtocolHandler ["http-nio-8080"]
2026-03-25 12:29:17 INFO  [restartedMain] org.apache.catalina.core.StandardService - Starting service [Tomcat]
2026-03-25 12:29:17 INFO  [restartedMain] org.apache.catalina.core.StandardEngine - Starting Servlet engine: [Apache Tomcat/10.1.52]
2026-03-25 12:29:17 INFO  [restartedMain] org.apache.catalina.core.ContainerBase.[Tomcat].[localhost].[/] - Initializing Spring embedded WebApplicationContext
2026-03-25 12:29:17 INFO  [restartedMain] org.springframework.boot.web.servlet.context.ServletWebServerApplicationContext - Root WebApplicationContext: initialization completed in 370 ms
2026-03-25 12:29:17 INFO  [restartedMain] org.hibernate.jpa.internal.util.LogHelper - HHH000204: Processing PersistenceUnitInfo [name: default]
2026-03-25 12:29:17 INFO  [restartedMain] org.hibernate.cache.internal.RegionFactoryInitiator - HHH000026: Second-level cache disabled
2026-03-25 12:29:17 INFO  [restartedMain] org.springframework.orm.jpa.persistenceunit.SpringPersistenceUnitInfo - No LoadTimeWeaver setup: ignoring JPA class transformer
2026-03-25 12:29:17 INFO  [restartedMain] com.zaxxer.hikari.HikariDataSource - HikariPool-4 - Starting...
2026-03-25 12:29:17 INFO  [restartedMain] com.zaxxer.hikari.pool.HikariPool - HikariPool-4 - Added connection com.mysql.cj.jdbc.ConnectionImpl@1bed1401
2026-03-25 12:29:17 INFO  [restartedMain] com.zaxxer.hikari.HikariDataSource - HikariPool-4 - Start completed.
2026-03-25 12:29:17 WARN  [restartedMain] org.hibernate.orm.deprecation - HHH90000025: MySQLDialect does not need to be specified explicitly using 'hibernate.dialect' (remove the property setting and it will be selected by default)
2026-03-25 12:29:17 INFO  [restartedMain] org.hibernate.orm.connections.pooling - HHH10001005: Database info:
	Database JDBC URL [Connecting through datasource 'HikariDataSource (HikariPool-4)']
	Database driver: undefined/unknown
	Database version: 8.0.45
	Autocommit mode: undefined/unknown
	Isolation level: undefined/unknown
	Minimum pool size: undefined/unknown
	Maximum pool size: undefined/unknown
2026-03-25 12:29:17 INFO  [restartedMain] org.hibernate.engine.transaction.jta.platform.internal.JtaPlatformInitiator - HHH000489: No JTA platform available (set 'hibernate.transaction.jta.platform' to enable JTA platform integration)
2026-03-25 12:29:17 INFO  [restartedMain] org.springframework.orm.jpa.LocalContainerEntityManagerFactoryBean - Initialized JPA EntityManagerFactory for persistence unit 'default'
2026-03-25 12:29:17 WARN  [restartedMain] org.springframework.boot.autoconfigure.orm.jpa.JpaBaseConfiguration$JpaWebConfiguration - spring.jpa.open-in-view is enabled by default. Therefore, database queries may be performed during view rendering. Explicitly configure spring.jpa.open-in-view to disable this warning
2026-03-25 12:29:17 INFO  [restartedMain] org.springframework.security.config.annotation.authentication.configuration.InitializeUserDetailsBeanManagerConfigurer$InitializeUserDetailsManagerConfigurer - Global AuthenticationManager configured with UserDetailsService bean with name inMemoryUserDetailsManager
2026-03-25 12:29:17 INFO  [restartedMain] org.springframework.boot.actuate.endpoint.web.EndpointLinksResolver - Exposing 5 endpoints beneath base path '/actuator'
2026-03-25 12:29:17 INFO  [restartedMain] org.springframework.boot.devtools.autoconfigure.OptionalLiveReloadServer - LiveReload server is running on port 35729
2026-03-25 12:29:17 INFO  [restartedMain] org.apache.coyote.http11.Http11NioProtocol - Starting ProtocolHandler ["http-nio-8080"]
2026-03-25 12:29:17 INFO  [restartedMain] org.springframework.boot.web.embedded.tomcat.TomcatWebServer - Tomcat started on port 8080 (http) with context path '/'
2026-03-25 12:29:17 INFO  [restartedMain] com.coforge.UserLoggingSpringBootApplication - Started UserLoggingSpringBootApplication in 0.754 seconds (process running for 1256.934)
2026-03-25 12:29:17 INFO  [restartedMain] org.springframework.boot.devtools.autoconfigure.ConditionEvaluationDeltaLoggingListener - Condition evaluation unchanged
2026-03-25 12:29:26 INFO  [File Watcher] org.springframework.boot.devtools.autoconfigure.LocalDevToolsAutoConfiguration$RestartingClassPathChangeChangedEventListener - Restarting due to 2 class path changes (1 addition, 1 deletion, 0 modifications)
2026-03-25 12:29:26 INFO  [Thread-15] org.springframework.boot.web.embedded.tomcat.GracefulShutdown - Commencing graceful shutdown. Waiting for active requests to complete
2026-03-25 12:29:26 INFO  [tomcat-shutdown] org.apache.coyote.http11.Http11NioProtocol - Pausing ProtocolHandler ["http-nio-8080"]
2026-03-25 12:29:26 INFO  [tomcat-shutdown] org.springframework.boot.web.embedded.tomcat.GracefulShutdown - Graceful shutdown complete
2026-03-25 12:29:26 INFO  [Thread-15] org.apache.coyote.http11.Http11NioProtocol - Stopping ProtocolHandler ["http-nio-8080"]
2026-03-25 12:29:26 INFO  [Thread-15] org.springframework.orm.jpa.LocalContainerEntityManagerFactoryBean - Closing JPA EntityManagerFactory for persistence unit 'default'
2026-03-25 12:29:26 INFO  [Thread-15] com.zaxxer.hikari.HikariDataSource - HikariPool-4 - Shutdown initiated...
2026-03-25 12:29:26 INFO  [Thread-15] com.zaxxer.hikari.HikariDataSource - HikariPool-4 - Shutdown completed.
2026-03-25 12:29:26 INFO  [restartedMain] com.coforge.UserLoggingSpringBootApplication - Starting UserLoggingSpringBootApplication using Java 21.0.10 with PID 19904 (C:\Users\Anurag.4.Tiwari\Downloads\UserLoggingSpringBoot\target\classes started by Anurag.4.Tiwari in C:\Users\Anurag.4.Tiwari\Downloads\UserLoggingSpringBoot)
2026-03-25 12:29:26 INFO  [restartedMain] com.coforge.UserLoggingSpringBootApplication - No active profile set, falling back to 1 default profile: "default"
2026-03-25 12:29:26 WARN  [restartedMain] org.springframework.boot.web.servlet.context.AnnotationConfigServletWebServerApplicationContext - Exception encountered during context initialization - cancelling refresh attempt: java.lang.IllegalStateException: Error processing condition on org.springframework.boot.autoconfigure.context.PropertyPlaceholderAutoConfiguration.propertySourcesPlaceholderConfigurer
2026-03-25 12:29:26 INFO  [restartedMain] org.springframework.boot.autoconfigure.logging.ConditionEvaluationReportLogger - 

Error starting ApplicationContext. To display the condition evaluation report re-run your application with 'debug' enabled.
2026-03-25 12:29:26 ERROR [restartedMain] org.springframework.boot.SpringApplication - Application run failed
java.lang.IllegalStateException: Error processing condition on org.springframework.boot.autoconfigure.context.PropertyPlaceholderAutoConfiguration.propertySourcesPlaceholderConfigurer
	at org.springframework.boot.autoconfigure.condition.SpringBootCondition.matches(SpringBootCondition.java:60) ~[spring-boot-autoconfigure-3.5.12.jar:3.5.12]
	at org.springframework.context.annotation.ConditionEvaluator.shouldSkip(ConditionEvaluator.java:99) ~[spring-context-6.2.17.jar:6.2.17]
	at org.springframework.context.annotation.ConfigurationClassBeanDefinitionReader.loadBeanDefinitionsForBeanMethod(ConfigurationClassBeanDefinitionReader.java:191) ~[spring-context-6.2.17.jar:6.2.17]
	at org.springframework.context.annotation.ConfigurationClassBeanDefinitionReader.loadBeanDefinitionsForConfigurationClass(ConfigurationClassBeanDefinitionReader.java:144) ~[spring-context-6.2.17.jar:6.2.17]
	at org.springframework.context.annotation.ConfigurationClassBeanDefinitionReader.loadBeanDefinitions(ConfigurationClassBeanDefinitionReader.java:120) ~[spring-context-6.2.17.jar:6.2.17]
	at org.springframework.context.annotation.ConfigurationClassPostProcessor.processConfigBeanDefinitions(ConfigurationClassPostProcessor.java:430) ~[spring-context-6.2.17.jar:6.2.17]
	at org.springframework.context.annotation.ConfigurationClassPostProcessor.postProcessBeanDefinitionRegistry(ConfigurationClassPostProcessor.java:290) ~[spring-context-6.2.17.jar:6.2.17]
	at org.springframework.context.support.PostProcessorRegistrationDelegate.invokeBeanDefinitionRegistryPostProcessors(PostProcessorRegistrationDelegate.java:349) ~[spring-context-6.2.17.jar:6.2.17]
	at org.springframework.context.support.PostProcessorRegistrationDelegate.invokeBeanFactoryPostProcessors(PostProcessorRegistrationDelegate.java:118) ~[spring-context-6.2.17.jar:6.2.17]
	at org.springframework.context.support.AbstractApplicationContext.invokeBeanFactoryPostProcessors(AbstractApplicationContext.java:792) ~[spring-context-6.2.17.jar:6.2.17]
	at org.springframework.context.support.AbstractApplicationContext.refresh(AbstractApplicationContext.java:610) ~[spring-context-6.2.17.jar:6.2.17]
	at org.springframework.boot.web.servlet.context.ServletWebServerApplicationContext.refresh(ServletWebServerApplicationContext.java:146) ~[spring-boot-3.5.12.jar:3.5.12]
	at org.springframework.boot.SpringApplication.refresh(SpringApplication.java:752) [spring-boot-3.5.12.jar:3.5.12]
	at org.springframework.boot.SpringApplication.refreshContext(SpringApplication.java:439) [spring-boot-3.5.12.jar:3.5.12]
	at org.springframework.boot.SpringApplication.run(SpringApplication.java:318) [spring-boot-3.5.12.jar:3.5.12]
	at org.springframework.boot.SpringApplication.run(SpringApplication.java:1361) [spring-boot-3.5.12.jar:3.5.12]
	at org.springframework.boot.SpringApplication.run(SpringApplication.java:1350) [spring-boot-3.5.12.jar:3.5.12]
	at com.coforge.UserLoggingSpringBootApplication.main(UserLoggingSpringBootApplication.java:10) [classes/:?]
	at java.base/jdk.internal.reflect.DirectMethodHandleAccessor.invoke(DirectMethodHandleAccessor.java:103) ~[?:?]
	at java.base/java.lang.reflect.Method.invoke(Method.java:580) ~[?:?]
	at org.springframework.boot.devtools.restart.RestartLauncher.run(RestartLauncher.java:50) [spring-boot-devtools-3.5.12.jar:3.5.12]
Caused by: java.lang.IllegalStateException: Failed to introspect Class [com.coforge.configuration.SpringSecurityConfig] from ClassLoader [org.springframework.boot.devtools.restart.classloader.RestartClassLoader@7579d306]
	at org.springframework.util.ReflectionUtils.getDeclaredMethods(ReflectionUtils.java:483) ~[spring-core-6.2.17.jar:6.2.17]
	at org.springframework.util.ReflectionUtils.doWithMethods(ReflectionUtils.java:360) ~[spring-core-6.2.17.jar:6.2.17]
	at org.springframework.util.ReflectionUtils.getUniqueDeclaredMethods(ReflectionUtils.java:417) ~[spring-core-6.2.17.jar:6.2.17]
	at org.springframework.beans.factory.support.AbstractAutowireCapableBeanFactory.lambda$getTypeForFactoryMethod$1(AbstractAutowireCapableBeanFactory.java:757) ~[spring-beans-6.2.17.jar:6.2.17]
	at java.base/java.util.concurrent.ConcurrentHashMap.computeIfAbsent(ConcurrentHashMap.java:1708) ~[?:?]
	at org.springframework.beans.factory.support.AbstractAutowireCapableBeanFactory.getTypeForFactoryMethod(AbstractAutowireCapableBeanFactory.java:756) ~[spring-beans-6.2.17.jar:6.2.17]
	at org.springframework.beans.factory.support.AbstractAutowireCapableBeanFactory.determineTargetType(AbstractAutowireCapableBeanFactory.java:689) ~[spring-beans-6.2.17.jar:6.2.17]
	at org.springframework.beans.factory.support.AbstractAutowireCapableBeanFactory.predictBeanType(AbstractAutowireCapableBeanFactory.java:660) ~[spring-beans-6.2.17.jar:6.2.17]
	at org.springframework.beans.factory.support.AbstractBeanFactory.isFactoryBean(AbstractBeanFactory.java:1715) ~[spring-beans-6.2.17.jar:6.2.17]
	at org.springframework.beans.factory.support.DefaultListableBeanFactory.doGetBeanNamesForType(DefaultListableBeanFactory.java:640) ~[spring-beans-6.2.17.jar:6.2.17]
	at org.springframework.beans.factory.support.DefaultListableBeanFactory.getBeanNamesForType(DefaultListableBeanFactory.java:612) ~[spring-beans-6.2.17.jar:6.2.17]
	at org.springframework.beans.factory.support.DefaultListableBeanFactory.getBeanNamesForType(DefaultListableBeanFactory.java:597) ~[spring-beans-6.2.17.jar:6.2.17]
	at org.springframework.boot.autoconfigure.condition.OnBeanCondition.collectBeanDefinitionsForType(OnBeanCondition.java:326) ~[spring-boot-autoconfigure-3.5.12.jar:3.5.12]
	at org.springframework.boot.autoconfigure.condition.OnBeanCondition.getBeanDefinitionsForType(OnBeanCondition.java:315) ~[spring-boot-autoconfigure-3.5.12.jar:3.5.12]
	at org.springframework.boot.autoconfigure.condition.OnBeanCondition.getMatchingBeans(OnBeanCondition.java:214) ~[spring-boot-autoconfigure-3.5.12.jar:3.5.12]
	at org.springframework.boot.autoconfigure.condition.OnBeanCondition.evaluateConditionalOnMissingBean(OnBeanCondition.java:197) ~[spring-boot-autoconfigure-3.5.12.jar:3.5.12]
	at org.springframework.boot.autoconfigure.condition.OnBeanCondition.getMatchOutcome(OnBeanCondition.java:144) ~[spring-boot-autoconfigure-3.5.12.jar:3.5.12]
	at org.springframework.boot.autoconfigure.condition.SpringBootCondition.matches(SpringBootCondition.java:47) ~[spring-boot-autoconfigure-3.5.12.jar:3.5.12]
	... 20 more
Caused by: java.lang.NoClassDefFoundError: HttpSecurity
	at java.base/java.lang.Class.getDeclaredMethods0(Native Method) ~[?:?]
	at java.base/java.lang.Class.privateGetDeclaredMethods(Class.java:3580) ~[?:?]
	at java.base/java.lang.Class.getDeclaredMethods(Class.java:2678) ~[?:?]
	at org.springframework.util.ReflectionUtils.getDeclaredMethods(ReflectionUtils.java:465) ~[spring-core-6.2.17.jar:6.2.17]
	at org.springframework.util.ReflectionUtils.doWithMethods(ReflectionUtils.java:360) ~[spring-core-6.2.17.jar:6.2.17]
	at org.springframework.util.ReflectionUtils.getUniqueDeclaredMethods(ReflectionUtils.java:417) ~[spring-core-6.2.17.jar:6.2.17]
	at org.springframework.beans.factory.support.AbstractAutowireCapableBeanFactory.lambda$getTypeForFactoryMethod$1(AbstractAutowireCapableBeanFactory.java:757) ~[spring-beans-6.2.17.jar:6.2.17]
	at java.base/java.util.concurrent.ConcurrentHashMap.computeIfAbsent(ConcurrentHashMap.java:1708) ~[?:?]
	at org.springframework.beans.factory.support.AbstractAutowireCapableBeanFactory.getTypeForFactoryMethod(AbstractAutowireCapableBeanFactory.java:756) ~[spring-beans-6.2.17.jar:6.2.17]
	at org.springframework.beans.factory.support.AbstractAutowireCapableBeanFactory.determineTargetType(AbstractAutowireCapableBeanFactory.java:689) ~[spring-beans-6.2.17.jar:6.2.17]
	at org.springframework.beans.factory.support.AbstractAutowireCapableBeanFactory.predictBeanType(AbstractAutowireCapableBeanFactory.java:660) ~[spring-beans-6.2.17.jar:6.2.17]
	at org.springframework.beans.factory.support.AbstractBeanFactory.isFactoryBean(AbstractBeanFactory.java:1715) ~[spring-beans-6.2.17.jar:6.2.17]
	at org.springframework.beans.factory.support.DefaultListableBeanFactory.doGetBeanNamesForType(DefaultListableBeanFactory.java:640) ~[spring-beans-6.2.17.jar:6.2.17]
	at org.springframework.beans.factory.support.DefaultListableBeanFactory.getBeanNamesForType(DefaultListableBeanFactory.java:612) ~[spring-beans-6.2.17.jar:6.2.17]
	at org.springframework.beans.factory.support.DefaultListableBeanFactory.getBeanNamesForType(DefaultListableBeanFactory.java:597) ~[spring-beans-6.2.17.jar:6.2.17]
	at org.springframework.boot.autoconfigure.condition.OnBeanCondition.collectBeanDefinitionsForType(OnBeanCondition.java:326) ~[spring-boot-autoconfigure-3.5.12.jar:3.5.12]
	at org.springframework.boot.autoconfigure.condition.OnBeanCondition.getBeanDefinitionsForType(OnBeanCondition.java:315) ~[spring-boot-autoconfigure-3.5.12.jar:3.5.12]
	at org.springframework.boot.autoconfigure.condition.OnBeanCondition.getMatchingBeans(OnBeanCondition.java:214) ~[spring-boot-autoconfigure-3.5.12.jar:3.5.12]
	at org.springframework.boot.autoconfigure.condition.OnBeanCondition.evaluateConditionalOnMissingBean(OnBeanCondition.java:197) ~[spring-boot-autoconfigure-3.5.12.jar:3.5.12]
	at org.springframework.boot.autoconfigure.condition.OnBeanCondition.getMatchOutcome(OnBeanCondition.java:144) ~[spring-boot-autoconfigure-3.5.12.jar:3.5.12]
	at org.springframework.boot.autoconfigure.condition.SpringBootCondition.matches(SpringBootCondition.java:47) ~[spring-boot-autoconfigure-3.5.12.jar:3.5.12]
	... 20 more
Caused by: java.lang.ClassNotFoundException: HttpSecurity
	at java.base/jdk.internal.loader.BuiltinClassLoader.loadClass(BuiltinClassLoader.java:641) ~[?:?]
	at java.base/jdk.internal.loader.ClassLoaders$AppClassLoader.loadClass(ClassLoaders.java:188) ~[?:?]
	at java.base/java.lang.ClassLoader.loadClass(ClassLoader.java:526) ~[?:?]
	at java.base/java.lang.Class.forName0(Native Method) ~[?:?]
	at java.base/java.lang.Class.forName(Class.java:536) ~[?:?]
	at java.base/java.lang.Class.forName(Class.java:515) ~[?:?]
	at org.springframework.boot.devtools.restart.classloader.RestartClassLoader.loadClass(RestartClassLoader.java:121) ~[spring-boot-devtools-3.5.12.jar:3.5.12]
	at java.base/java.lang.ClassLoader.loadClass(ClassLoader.java:526) ~[?:?]
	at java.base/java.lang.Class.getDeclaredMethods0(Native Method) ~[?:?]
	at java.base/java.lang.Class.privateGetDeclaredMethods(Class.java:3580) ~[?:?]
	at java.base/java.lang.Class.getDeclaredMethods(Class.java:2678) ~[?:?]
	at org.springframework.util.ReflectionUtils.getDeclaredMethods(ReflectionUtils.java:465) ~[spring-core-6.2.17.jar:6.2.17]
	at org.springframework.util.ReflectionUtils.doWithMethods(ReflectionUtils.java:360) ~[spring-core-6.2.17.jar:6.2.17]
	at org.springframework.util.ReflectionUtils.getUniqueDeclaredMethods(ReflectionUtils.java:417) ~[spring-core-6.2.17.jar:6.2.17]
	at org.springframework.beans.factory.support.AbstractAutowireCapableBeanFactory.lambda$getTypeForFactoryMethod$1(AbstractAutowireCapableBeanFactory.java:757) ~[spring-beans-6.2.17.jar:6.2.17]
	at java.base/java.util.concurrent.ConcurrentHashMap.computeIfAbsent(ConcurrentHashMap.java:1708) ~[?:?]
	at org.springframework.beans.factory.support.AbstractAutowireCapableBeanFactory.getTypeForFactoryMethod(AbstractAutowireCapableBeanFactory.java:756) ~[spring-beans-6.2.17.jar:6.2.17]
	at org.springframework.beans.factory.support.AbstractAutowireCapableBeanFactory.determineTargetType(AbstractAutowireCapableBeanFactory.java:689) ~[spring-beans-6.2.17.jar:6.2.17]
	at org.springframework.beans.factory.support.AbstractAutowireCapableBeanFactory.predictBeanType(AbstractAutowireCapableBeanFactory.java:660) ~[spring-beans-6.2.17.jar:6.2.17]
	at org.springframework.beans.factory.support.AbstractBeanFactory.isFactoryBean(AbstractBeanFactory.java:1715) ~[spring-beans-6.2.17.jar:6.2.17]
	at org.springframework.beans.factory.support.DefaultListableBeanFactory.doGetBeanNamesForType(DefaultListableBeanFactory.java:640) ~[spring-beans-6.2.17.jar:6.2.17]
	at org.springframework.beans.factory.support.DefaultListableBeanFactory.getBeanNamesForType(DefaultListableBeanFactory.java:612) ~[spring-beans-6.2.17.jar:6.2.17]
	at org.springframework.beans.factory.support.DefaultListableBeanFactory.getBeanNamesForType(DefaultListableBeanFactory.java:597) ~[spring-beans-6.2.17.jar:6.2.17]
	at org.springframework.boot.autoconfigure.condition.OnBeanCondition.collectBeanDefinitionsForType(OnBeanCondition.java:326) ~[spring-boot-autoconfigure-3.5.12.jar:3.5.12]
	at org.springframework.boot.autoconfigure.condition.OnBeanCondition.getBeanDefinitionsForType(OnBeanCondition.java:315) ~[spring-boot-autoconfigure-3.5.12.jar:3.5.12]
	at org.springframework.boot.autoconfigure.condition.OnBeanCondition.getMatchingBeans(OnBeanCondition.java:214) ~[spring-boot-autoconfigure-3.5.12.jar:3.5.12]
	at org.springframework.boot.autoconfigure.condition.OnBeanCondition.evaluateConditionalOnMissingBean(OnBeanCondition.java:197) ~[spring-boot-autoconfigure-3.5.12.jar:3.5.12]
	at org.springframework.boot.autoconfigure.condition.OnBeanCondition.getMatchOutcome(OnBeanCondition.java:144) ~[spring-boot-autoconfigure-3.5.12.jar:3.5.12]
	at org.springframework.boot.autoconfigure.condition.SpringBootCondition.matches(SpringBootCondition.java:47) ~[spring-boot-autoconfigure-3.5.12.jar:3.5.12]
	... 20 more
2026-03-25 12:31:16 INFO  [restartedMain] com.coforge.UserLoggingSpringBootApplication - Starting UserLoggingSpringBootApplication using Java 21.0.10 with PID 19904 (C:\Users\Anurag.4.Tiwari\Downloads\UserLoggingSpringBoot\target\classes started by Anurag.4.Tiwari in C:\Users\Anurag.4.Tiwari\Downloads\UserLoggingSpringBoot)
2026-03-25 12:31:16 INFO  [restartedMain] com.coforge.UserLoggingSpringBootApplication - No active profile set, falling back to 1 default profile: "default"
2026-03-25 12:31:16 INFO  [restartedMain] org.springframework.data.repository.config.RepositoryConfigurationDelegate - Bootstrapping Spring Data JPA repositories in DEFAULT mode.
2026-03-25 12:31:16 INFO  [restartedMain] org.springframework.data.repository.config.RepositoryConfigurationDelegate - Finished Spring Data repository scanning in 10 ms. Found 1 JPA repository interface.
2026-03-25 12:31:17 INFO  [restartedMain] org.springframework.boot.web.embedded.tomcat.TomcatWebServer - Tomcat initialized with port 8080 (http)
2026-03-25 12:31:17 INFO  [restartedMain] org.apache.coyote.http11.Http11NioProtocol - Initializing ProtocolHandler ["http-nio-8080"]
2026-03-25 12:31:17 INFO  [restartedMain] org.apache.catalina.core.StandardService - Starting service [Tomcat]
2026-03-25 12:31:17 INFO  [restartedMain] org.apache.catalina.core.StandardEngine - Starting Servlet engine: [Apache Tomcat/10.1.52]
2026-03-25 12:31:17 INFO  [restartedMain] org.apache.catalina.core.ContainerBase.[Tomcat].[localhost].[/] - Initializing Spring embedded WebApplicationContext
2026-03-25 12:31:17 INFO  [restartedMain] org.springframework.boot.web.servlet.context.ServletWebServerApplicationContext - Root WebApplicationContext: initialization completed in 475 ms
2026-03-25 12:31:17 INFO  [restartedMain] org.hibernate.jpa.internal.util.LogHelper - HHH000204: Processing PersistenceUnitInfo [name: default]
2026-03-25 12:31:17 INFO  [restartedMain] org.hibernate.cache.internal.RegionFactoryInitiator - HHH000026: Second-level cache disabled
2026-03-25 12:31:17 INFO  [restartedMain] org.springframework.orm.jpa.persistenceunit.SpringPersistenceUnitInfo - No LoadTimeWeaver setup: ignoring JPA class transformer
2026-03-25 12:31:17 INFO  [restartedMain] com.zaxxer.hikari.HikariDataSource - HikariPool-5 - Starting...
2026-03-25 12:31:17 INFO  [restartedMain] com.zaxxer.hikari.pool.HikariPool - HikariPool-5 - Added connection com.mysql.cj.jdbc.ConnectionImpl@74945b2a
2026-03-25 12:31:17 INFO  [restartedMain] com.zaxxer.hikari.HikariDataSource - HikariPool-5 - Start completed.
2026-03-25 12:31:17 WARN  [restartedMain] org.hibernate.orm.deprecation - HHH90000025: MySQLDialect does not need to be specified explicitly using 'hibernate.dialect' (remove the property setting and it will be selected by default)
2026-03-25 12:31:17 INFO  [restartedMain] org.hibernate.orm.connections.pooling - HHH10001005: Database info:
	Database JDBC URL [Connecting through datasource 'HikariDataSource (HikariPool-5)']
	Database driver: undefined/unknown
	Database version: 8.0.45
	Autocommit mode: undefined/unknown
	Isolation level: undefined/unknown
	Minimum pool size: undefined/unknown
	Maximum pool size: undefined/unknown
2026-03-25 12:31:17 INFO  [restartedMain] org.hibernate.engine.transaction.jta.platform.internal.JtaPlatformInitiator - HHH000489: No JTA platform available (set 'hibernate.transaction.jta.platform' to enable JTA platform integration)
2026-03-25 12:31:17 INFO  [restartedMain] org.springframework.orm.jpa.LocalContainerEntityManagerFactoryBean - Initialized JPA EntityManagerFactory for persistence unit 'default'
2026-03-25 12:31:17 WARN  [restartedMain] org.springframework.boot.autoconfigure.orm.jpa.JpaBaseConfiguration$JpaWebConfiguration - spring.jpa.open-in-view is enabled by default. Therefore, database queries may be performed during view rendering. Explicitly configure spring.jpa.open-in-view to disable this warning
2026-03-25 12:31:17 INFO  [restartedMain] org.springframework.security.config.annotation.authentication.configuration.InitializeUserDetailsBeanManagerConfigurer$InitializeUserDetailsManagerConfigurer - Global AuthenticationManager configured with UserDetailsService bean with name inMemoryUserDetailsManager
2026-03-25 12:31:17 INFO  [restartedMain] org.springframework.boot.actuate.endpoint.web.EndpointLinksResolver - Exposing 5 endpoints beneath base path '/actuator'
2026-03-25 12:31:17 INFO  [restartedMain] org.springframework.boot.devtools.autoconfigure.OptionalLiveReloadServer - LiveReload server is running on port 35729
2026-03-25 12:31:17 INFO  [restartedMain] org.apache.coyote.http11.Http11NioProtocol - Starting ProtocolHandler ["http-nio-8080"]
2026-03-25 12:31:17 INFO  [restartedMain] org.springframework.boot.web.embedded.tomcat.TomcatWebServer - Tomcat started on port 8080 (http) with context path '/'
2026-03-25 12:31:17 INFO  [restartedMain] com.coforge.UserLoggingSpringBootApplication - Started UserLoggingSpringBootApplication in 0.911 seconds (process running for 1376.942)
2026-03-25 12:31:17 INFO  [restartedMain] org.springframework.boot.devtools.autoconfigure.ConditionEvaluationDeltaLoggingListener - Condition evaluation delta:


==========================
CONDITION EVALUATION DELTA
==========================


Positive matches:
-----------------

    None


Negative matches:
-----------------

   ManagementWebSecurityAutoConfiguration:
      Did not match:
         - AllNestedConditions 1 matched 1 did not; NestedCondition on DefaultWebSecurityCondition.Beans @ConditionalOnMissingBean (types: org.springframework.security.web.SecurityFilterChain; SearchStrategy: all) found beans of type 'org.springframework.security.web.SecurityFilterChain' securityFilterChain; NestedCondition on DefaultWebSecurityCondition.Classes @ConditionalOnClass found required classes 'org.springframework.security.web.SecurityFilterChain', 'org.springframework.security.config.annotation.web.builders.HttpSecurity' (DefaultWebSecurityCondition)
      Matched:
         - found 'session' scope (OnWebApplicationCondition)


Exclusions:
-----------

    None


Unconditional classes:
----------------------

    None



2026-03-25 12:32:31 INFO  [RMI TCP Connection(28)-127.0.0.1] org.springframework.boot.admin.SpringApplicationAdminMXBeanRegistrar$SpringApplicationAdmin - Application shutdown requested.
2026-03-25 12:32:31 INFO  [RMI TCP Connection(28)-127.0.0.1] org.springframework.boot.web.embedded.tomcat.GracefulShutdown - Commencing graceful shutdown. Waiting for active requests to complete
2026-03-25 12:32:31 INFO  [tomcat-shutdown] org.apache.coyote.http11.Http11NioProtocol - Pausing ProtocolHandler ["http-nio-8080"]
2026-03-25 12:32:31 INFO  [tomcat-shutdown] org.springframework.boot.web.embedded.tomcat.GracefulShutdown - Graceful shutdown complete
2026-03-25 12:32:31 INFO  [RMI TCP Connection(28)-127.0.0.1] org.apache.coyote.http11.Http11NioProtocol - Stopping ProtocolHandler ["http-nio-8080"]
2026-03-25 12:32:31 INFO  [RMI TCP Connection(28)-127.0.0.1] org.springframework.orm.jpa.LocalContainerEntityManagerFactoryBean - Closing JPA EntityManagerFactory for persistence unit 'default'
2026-03-25 12:32:31 INFO  [RMI TCP Connection(28)-127.0.0.1] com.zaxxer.hikari.HikariDataSource - HikariPool-5 - Shutdown initiated...
2026-03-25 12:32:31 INFO  [RMI TCP Connection(28)-127.0.0.1] com.zaxxer.hikari.HikariDataSource - HikariPool-5 - Shutdown completed.
2026-03-25 12:32:34 INFO  [restartedMain] com.coforge.UserLoggingSpringBootApplication - Starting UserLoggingSpringBootApplication using Java 21.0.10 with PID 12780 (C:\Users\Anurag.4.Tiwari\Downloads\UserLoggingSpringBoot\target\classes started by Anurag.4.Tiwari in C:\Users\Anurag.4.Tiwari\Downloads\UserLoggingSpringBoot)
2026-03-25 12:32:34 INFO  [restartedMain] com.coforge.UserLoggingSpringBootApplication - No active profile set, falling back to 1 default profile: "default"
2026-03-25 12:32:34 INFO  [restartedMain] org.springframework.boot.devtools.env.DevToolsPropertyDefaultsPostProcessor - Devtools property defaults active! Set 'spring.devtools.add-properties' to 'false' to disable
2026-03-25 12:32:34 INFO  [restartedMain] org.springframework.boot.devtools.env.DevToolsPropertyDefaultsPostProcessor - For additional web related logging consider setting the 'logging.level.web' property to 'DEBUG'
2026-03-25 12:32:35 INFO  [restartedMain] org.springframework.data.repository.config.RepositoryConfigurationDelegate - Bootstrapping Spring Data JPA repositories in DEFAULT mode.
2026-03-25 12:32:35 INFO  [restartedMain] org.springframework.data.repository.config.RepositoryConfigurationDelegate - Finished Spring Data repository scanning in 51 ms. Found 1 JPA repository interface.
2026-03-25 12:32:36 INFO  [restartedMain] org.springframework.boot.web.embedded.tomcat.TomcatWebServer - Tomcat initialized with port 8080 (http)
2026-03-25 12:32:36 INFO  [restartedMain] org.apache.coyote.http11.Http11NioProtocol - Initializing ProtocolHandler ["http-nio-8080"]
2026-03-25 12:32:36 INFO  [restartedMain] org.apache.catalina.core.StandardService - Starting service [Tomcat]
2026-03-25 12:32:36 INFO  [restartedMain] org.apache.catalina.core.StandardEngine - Starting Servlet engine: [Apache Tomcat/10.1.52]
2026-03-25 12:32:36 INFO  [restartedMain] org.apache.catalina.core.ContainerBase.[Tomcat].[localhost].[/] - Initializing Spring embedded WebApplicationContext
2026-03-25 12:32:36 INFO  [restartedMain] org.springframework.boot.web.servlet.context.ServletWebServerApplicationContext - Root WebApplicationContext: initialization completed in 1852 ms
2026-03-25 12:32:36 INFO  [restartedMain] org.hibernate.jpa.internal.util.LogHelper - HHH000204: Processing PersistenceUnitInfo [name: default]
2026-03-25 12:32:36 INFO  [restartedMain] org.hibernate.Version - HHH000412: Hibernate ORM core version 6.6.44.Final
2026-03-25 12:32:36 INFO  [restartedMain] org.hibernate.cache.internal.RegionFactoryInitiator - HHH000026: Second-level cache disabled
2026-03-25 12:32:37 INFO  [restartedMain] org.springframework.orm.jpa.persistenceunit.SpringPersistenceUnitInfo - No LoadTimeWeaver setup: ignoring JPA class transformer
2026-03-25 12:32:37 INFO  [restartedMain] com.zaxxer.hikari.HikariDataSource - HikariPool-1 - Starting...
2026-03-25 12:32:37 INFO  [restartedMain] com.zaxxer.hikari.pool.HikariPool - HikariPool-1 - Added connection com.mysql.cj.jdbc.ConnectionImpl@2887859d
2026-03-25 12:32:37 INFO  [restartedMain] com.zaxxer.hikari.HikariDataSource - HikariPool-1 - Start completed.
2026-03-25 12:32:37 WARN  [restartedMain] org.hibernate.orm.deprecation - HHH90000025: MySQLDialect does not need to be specified explicitly using 'hibernate.dialect' (remove the property setting and it will be selected by default)
2026-03-25 12:32:37 INFO  [restartedMain] org.hibernate.orm.connections.pooling - HHH10001005: Database info:
	Database JDBC URL [Connecting through datasource 'HikariDataSource (HikariPool-1)']
	Database driver: undefined/unknown
	Database version: 8.0.45
	Autocommit mode: undefined/unknown
	Isolation level: undefined/unknown
	Minimum pool size: undefined/unknown
	Maximum pool size: undefined/unknown
2026-03-25 12:32:38 INFO  [restartedMain] org.hibernate.engine.transaction.jta.platform.internal.JtaPlatformInitiator - HHH000489: No JTA platform available (set 'hibernate.transaction.jta.platform' to enable JTA platform integration)
2026-03-25 12:32:38 INFO  [restartedMain] org.springframework.orm.jpa.LocalContainerEntityManagerFactoryBean - Initialized JPA EntityManagerFactory for persistence unit 'default'
2026-03-25 12:32:38 WARN  [restartedMain] org.springframework.boot.autoconfigure.orm.jpa.JpaBaseConfiguration$JpaWebConfiguration - spring.jpa.open-in-view is enabled by default. Therefore, database queries may be performed during view rendering. Explicitly configure spring.jpa.open-in-view to disable this warning
2026-03-25 12:32:38 INFO  [restartedMain] org.springframework.security.config.annotation.authentication.configuration.InitializeUserDetailsBeanManagerConfigurer$InitializeUserDetailsManagerConfigurer - Global AuthenticationManager configured with UserDetailsService bean with name inMemoryUserDetailsManager
2026-03-25 12:32:39 INFO  [restartedMain] org.springframework.boot.actuate.endpoint.web.EndpointLinksResolver - Exposing 5 endpoints beneath base path '/actuator'
2026-03-25 12:32:39 INFO  [restartedMain] org.springframework.boot.devtools.autoconfigure.OptionalLiveReloadServer - LiveReload server is running on port 35729
2026-03-25 12:32:39 INFO  [restartedMain] org.apache.coyote.http11.Http11NioProtocol - Starting ProtocolHandler ["http-nio-8080"]
2026-03-25 12:32:39 INFO  [restartedMain] org.springframework.boot.web.embedded.tomcat.TomcatWebServer - Tomcat started on port 8080 (http) with context path '/'
2026-03-25 12:32:39 INFO  [restartedMain] com.coforge.UserLoggingSpringBootApplication - Started UserLoggingSpringBootApplication in 5.069 seconds (process running for 6.242)
2026-03-25 12:32:39 INFO  [RMI TCP Connection(4)-127.0.0.1] org.apache.catalina.core.ContainerBase.[Tomcat].[localhost].[/] - Initializing Spring DispatcherServlet 'dispatcherServlet'
2026-03-25 12:32:39 INFO  [RMI TCP Connection(4)-127.0.0.1] org.springframework.web.servlet.DispatcherServlet - Initializing Servlet 'dispatcherServlet'
2026-03-25 12:32:39 INFO  [RMI TCP Connection(4)-127.0.0.1] org.springframework.web.servlet.DispatcherServlet - Completed initialization in 2 ms
2026-03-25 12:33:35 INFO  [http-nio-8080-exec-2] com.coforge.controllers.UserController - Saving User info User(uid=0, uname=kusbu, pwd=12321)
2026-03-25 12:33:35 INFO  [http-nio-8080-exec-2] com.coforge.controllers.UserController - Saving User info User(uid=0, uname=kusbu, pwd=12321)
2026-03-25 12:33:42 INFO  [http-nio-8080-exec-3] com.coforge.controllers.UserController - Fetching All Users Info
2026-03-25 12:33:42 INFO  [http-nio-8080-exec-3] com.coforge.controllers.UserController - Fetching All Users Info
2026-03-25 13:05:57 INFO  [RMI TCP Connection(40)-127.0.0.1] org.springframework.boot.admin.SpringApplicationAdminMXBeanRegistrar$SpringApplicationAdmin - Application shutdown requested.
2026-03-25 13:05:57 INFO  [RMI TCP Connection(40)-127.0.0.1] org.springframework.boot.web.embedded.tomcat.GracefulShutdown - Commencing graceful shutdown. Waiting for active requests to complete
2026-03-25 13:05:57 INFO  [tomcat-shutdown] org.apache.coyote.http11.Http11NioProtocol - Pausing ProtocolHandler ["http-nio-8080"]
2026-03-25 13:05:57 INFO  [tomcat-shutdown] org.springframework.boot.web.embedded.tomcat.GracefulShutdown - Graceful shutdown complete
2026-03-25 13:05:57 INFO  [RMI TCP Connection(40)-127.0.0.1] org.apache.coyote.http11.Http11NioProtocol - Stopping ProtocolHandler ["http-nio-8080"]
2026-03-25 13:05:57 INFO  [RMI TCP Connection(40)-127.0.0.1] org.springframework.orm.jpa.LocalContainerEntityManagerFactoryBean - Closing JPA EntityManagerFactory for persistence unit 'default'
2026-03-25 13:05:57 INFO  [RMI TCP Connection(40)-127.0.0.1] com.zaxxer.hikari.HikariDataSource - HikariPool-1 - Shutdown initiated...
2026-03-25 13:05:57 INFO  [RMI TCP Connection(40)-127.0.0.1] com.zaxxer.hikari.HikariDataSource - HikariPool-1 - Shutdown completed.
2026-03-25 14:34:17 INFO  [restartedMain] com.coforge.UserLoggingSpringBootApplication - Starting UserLoggingSpringBootApplication using Java 21.0.10 with PID 22396 (C:\Users\Anurag.4.Tiwari\Downloads\UserLoggingSpringBoot\target\classes started by Anurag.4.Tiwari in C:\Users\Anurag.4.Tiwari\Downloads\UserLoggingSpringBoot)
2026-03-25 14:34:17 INFO  [restartedMain] com.coforge.UserLoggingSpringBootApplication - The following 1 profile is active: "dev"
2026-03-25 14:34:17 INFO  [restartedMain] org.springframework.boot.devtools.env.DevToolsPropertyDefaultsPostProcessor - Devtools property defaults active! Set 'spring.devtools.add-properties' to 'false' to disable
2026-03-25 14:34:17 INFO  [restartedMain] org.springframework.boot.devtools.env.DevToolsPropertyDefaultsPostProcessor - For additional web related logging consider setting the 'logging.level.web' property to 'DEBUG'
2026-03-25 14:34:18 INFO  [restartedMain] org.springframework.data.repository.config.RepositoryConfigurationDelegate - Bootstrapping Spring Data JPA repositories in DEFAULT mode.
2026-03-25 14:34:18 INFO  [restartedMain] org.springframework.data.repository.config.RepositoryConfigurationDelegate - Finished Spring Data repository scanning in 59 ms. Found 1 JPA repository interface.
2026-03-25 14:34:19 INFO  [restartedMain] org.springframework.boot.web.embedded.tomcat.TomcatWebServer - Tomcat initialized with port 8080 (http)
2026-03-25 14:34:19 INFO  [restartedMain] org.apache.coyote.http11.Http11NioProtocol - Initializing ProtocolHandler ["http-nio-8080"]
2026-03-25 14:34:19 INFO  [restartedMain] org.apache.catalina.core.StandardService - Starting service [Tomcat]
2026-03-25 14:34:19 INFO  [restartedMain] org.apache.catalina.core.StandardEngine - Starting Servlet engine: [Apache Tomcat/10.1.52]
2026-03-25 14:34:19 INFO  [restartedMain] org.apache.catalina.core.ContainerBase.[Tomcat].[localhost].[/] - Initializing Spring embedded WebApplicationContext
2026-03-25 14:34:19 INFO  [restartedMain] org.springframework.boot.web.servlet.context.ServletWebServerApplicationContext - Root WebApplicationContext: initialization completed in 2092 ms
2026-03-25 14:34:19 INFO  [restartedMain] org.hibernate.jpa.internal.util.LogHelper - HHH000204: Processing PersistenceUnitInfo [name: default]
2026-03-25 14:34:19 INFO  [restartedMain] org.hibernate.Version - HHH000412: Hibernate ORM core version 6.6.44.Final
2026-03-25 14:34:19 INFO  [restartedMain] org.hibernate.cache.internal.RegionFactoryInitiator - HHH000026: Second-level cache disabled
2026-03-25 14:34:20 INFO  [restartedMain] org.springframework.orm.jpa.persistenceunit.SpringPersistenceUnitInfo - No LoadTimeWeaver setup: ignoring JPA class transformer
2026-03-25 14:34:20 INFO  [restartedMain] com.zaxxer.hikari.HikariDataSource - HikariPool-1 - Starting...
2026-03-25 14:34:20 INFO  [restartedMain] com.zaxxer.hikari.pool.HikariPool - HikariPool-1 - Added connection com.mysql.cj.jdbc.ConnectionImpl@6faf7739
2026-03-25 14:34:20 INFO  [restartedMain] com.zaxxer.hikari.HikariDataSource - HikariPool-1 - Start completed.
2026-03-25 14:34:20 WARN  [restartedMain] org.hibernate.orm.deprecation - HHH90000025: MySQLDialect does not need to be specified explicitly using 'hibernate.dialect' (remove the property setting and it will be selected by default)
2026-03-25 14:34:20 INFO  [restartedMain] org.hibernate.orm.connections.pooling - HHH10001005: Database info:
	Database JDBC URL [Connecting through datasource 'HikariDataSource (HikariPool-1)']
	Database driver: undefined/unknown
	Database version: 8.0.45
	Autocommit mode: undefined/unknown
	Isolation level: undefined/unknown
	Minimum pool size: undefined/unknown
	Maximum pool size: undefined/unknown
2026-03-25 14:34:21 INFO  [restartedMain] org.hibernate.engine.transaction.jta.platform.internal.JtaPlatformInitiator - HHH000489: No JTA platform available (set 'hibernate.transaction.jta.platform' to enable JTA platform integration)
2026-03-25 14:34:21 INFO  [restartedMain] org.springframework.orm.jpa.LocalContainerEntityManagerFactoryBean - Initialized JPA EntityManagerFactory for persistence unit 'default'
2026-03-25 14:34:22 WARN  [restartedMain] org.springframework.boot.autoconfigure.orm.jpa.JpaBaseConfiguration$JpaWebConfiguration - spring.jpa.open-in-view is enabled by default. Therefore, database queries may be performed during view rendering. Explicitly configure spring.jpa.open-in-view to disable this warning
2026-03-25 14:34:22 INFO  [restartedMain] org.springframework.boot.autoconfigure.h2.H2ConsoleAutoConfiguration - H2 console available at '/h2-console'. Database available at 'jdbc:mysql://localhost:3306/devdb'
2026-03-25 14:34:22 WARN  [restartedMain] org.springframework.boot.devtools.autoconfigure.OptionalLiveReloadServer - Unable to start LiveReload server
2026-03-25 14:34:22 INFO  [restartedMain] org.springframework.boot.actuate.endpoint.web.EndpointLinksResolver - Exposing 5 endpoints beneath base path '/actuator'
2026-03-25 14:34:22 INFO  [restartedMain] org.apache.coyote.http11.Http11NioProtocol - Starting ProtocolHandler ["http-nio-8080"]
2026-03-25 14:34:22 WARN  [restartedMain] org.springframework.boot.web.servlet.context.AnnotationConfigServletWebServerApplicationContext - Exception encountered during context initialization - cancelling refresh attempt: org.springframework.context.ApplicationContextException: Failed to start bean 'webServerStartStop'
2026-03-25 14:34:23 INFO  [restartedMain] org.springframework.orm.jpa.LocalContainerEntityManagerFactoryBean - Closing JPA EntityManagerFactory for persistence unit 'default'
2026-03-25 14:34:23 INFO  [restartedMain] com.zaxxer.hikari.HikariDataSource - HikariPool-1 - Shutdown initiated...
2026-03-25 14:34:23 INFO  [restartedMain] com.zaxxer.hikari.HikariDataSource - HikariPool-1 - Shutdown completed.
2026-03-25 14:34:23 INFO  [restartedMain] org.springframework.boot.autoconfigure.logging.ConditionEvaluationReportLogger - 

Error starting ApplicationContext. To display the condition evaluation report re-run your application with 'debug' enabled.
2026-03-25 14:34:23 ERROR [restartedMain] org.springframework.boot.diagnostics.LoggingFailureAnalysisReporter - 

***************************
APPLICATION FAILED TO START
***************************

Description:

Web server failed to start. Port 8080 was already in use.

Action:

Identify and stop the process that's listening on port 8080 or configure this application to listen on another port.

2026-03-25 14:36:44 INFO  [restartedMain] com.coforge.UserLoggingSpringBootApplication - Starting UserLoggingSpringBootApplication using Java 21.0.10 with PID 17324 (C:\Users\Anurag.4.Tiwari\Downloads\UserLoggingSpringBoot\target\classes started by Anurag.4.Tiwari in C:\Users\Anurag.4.Tiwari\Downloads\UserLoggingSpringBoot)
2026-03-25 14:36:44 INFO  [restartedMain] com.coforge.UserLoggingSpringBootApplication - The following 1 profile is active: "dev"
2026-03-25 14:36:44 INFO  [restartedMain] org.springframework.boot.devtools.env.DevToolsPropertyDefaultsPostProcessor - Devtools property defaults active! Set 'spring.devtools.add-properties' to 'false' to disable
2026-03-25 14:36:44 INFO  [restartedMain] org.springframework.boot.devtools.env.DevToolsPropertyDefaultsPostProcessor - For additional web related logging consider setting the 'logging.level.web' property to 'DEBUG'
2026-03-25 14:36:45 INFO  [restartedMain] org.springframework.data.repository.config.RepositoryConfigurationDelegate - Bootstrapping Spring Data JPA repositories in DEFAULT mode.
2026-03-25 14:36:45 INFO  [restartedMain] org.springframework.data.repository.config.RepositoryConfigurationDelegate - Finished Spring Data repository scanning in 64 ms. Found 1 JPA repository interface.
2026-03-25 14:36:46 INFO  [restartedMain] org.springframework.boot.web.embedded.tomcat.TomcatWebServer - Tomcat initialized with port 8080 (http)
2026-03-25 14:36:46 INFO  [restartedMain] org.apache.coyote.http11.Http11NioProtocol - Initializing ProtocolHandler ["http-nio-8080"]
2026-03-25 14:36:46 INFO  [restartedMain] org.apache.catalina.core.StandardService - Starting service [Tomcat]
2026-03-25 14:36:46 INFO  [restartedMain] org.apache.catalina.core.StandardEngine - Starting Servlet engine: [Apache Tomcat/10.1.52]
2026-03-25 14:36:46 INFO  [restartedMain] org.apache.catalina.core.ContainerBase.[Tomcat].[localhost].[/] - Initializing Spring embedded WebApplicationContext
2026-03-25 14:36:46 INFO  [restartedMain] org.springframework.boot.web.servlet.context.ServletWebServerApplicationContext - Root WebApplicationContext: initialization completed in 1974 ms
2026-03-25 14:36:46 INFO  [restartedMain] org.hibernate.jpa.internal.util.LogHelper - HHH000204: Processing PersistenceUnitInfo [name: default]
2026-03-25 14:36:46 INFO  [restartedMain] org.hibernate.Version - HHH000412: Hibernate ORM core version 6.6.44.Final
2026-03-25 14:36:46 INFO  [restartedMain] org.hibernate.cache.internal.RegionFactoryInitiator - HHH000026: Second-level cache disabled
2026-03-25 14:36:47 INFO  [restartedMain] org.springframework.orm.jpa.persistenceunit.SpringPersistenceUnitInfo - No LoadTimeWeaver setup: ignoring JPA class transformer
2026-03-25 14:36:47 INFO  [restartedMain] com.zaxxer.hikari.HikariDataSource - HikariPool-1 - Starting...
2026-03-25 14:36:47 INFO  [restartedMain] com.zaxxer.hikari.pool.HikariPool - HikariPool-1 - Added connection com.mysql.cj.jdbc.ConnectionImpl@775fec13
2026-03-25 14:36:47 INFO  [restartedMain] com.zaxxer.hikari.HikariDataSource - HikariPool-1 - Start completed.
2026-03-25 14:36:47 INFO  [restartedMain] org.hibernate.orm.connections.pooling - HHH10001005: Database info:
	Database JDBC URL [Connecting through datasource 'HikariDataSource (HikariPool-1)']
	Database driver: undefined/unknown
	Database version: 8.0.45
	Autocommit mode: undefined/unknown
	Isolation level: undefined/unknown
	Minimum pool size: undefined/unknown
	Maximum pool size: undefined/unknown
2026-03-25 14:36:48 INFO  [restartedMain] org.hibernate.engine.transaction.jta.platform.internal.JtaPlatformInitiator - HHH000489: No JTA platform available (set 'hibernate.transaction.jta.platform' to enable JTA platform integration)
2026-03-25 14:36:48 INFO  [restartedMain] org.springframework.orm.jpa.LocalContainerEntityManagerFactoryBean - Initialized JPA EntityManagerFactory for persistence unit 'default'
2026-03-25 14:36:49 WARN  [restartedMain] org.springframework.boot.autoconfigure.orm.jpa.JpaBaseConfiguration$JpaWebConfiguration - spring.jpa.open-in-view is enabled by default. Therefore, database queries may be performed during view rendering. Explicitly configure spring.jpa.open-in-view to disable this warning
2026-03-25 14:36:49 INFO  [restartedMain] org.springframework.boot.autoconfigure.h2.H2ConsoleAutoConfiguration - H2 console available at '/h2-console'. Database available at 'jdbc:mysql://localhost:3306/devdb'
2026-03-25 14:36:49 INFO  [restartedMain] org.springframework.boot.devtools.autoconfigure.OptionalLiveReloadServer - LiveReload server is running on port 35729
2026-03-25 14:36:49 INFO  [restartedMain] org.springframework.boot.actuate.endpoint.web.EndpointLinksResolver - Exposing 1 endpoint beneath base path '/actuator'
2026-03-25 14:36:49 INFO  [restartedMain] org.apache.coyote.http11.Http11NioProtocol - Starting ProtocolHandler ["http-nio-8080"]
2026-03-25 14:36:49 INFO  [restartedMain] org.springframework.boot.web.embedded.tomcat.TomcatWebServer - Tomcat started on port 8080 (http) with context path '/'
2026-03-25 14:36:49 INFO  [restartedMain] com.coforge.UserLoggingSpringBootApplication - Started UserLoggingSpringBootApplication in 6.053 seconds (process running for 7.725)
2026-03-25 14:36:51 INFO  [RMI TCP Connection(4)-127.0.0.1] org.apache.catalina.core.ContainerBase.[Tomcat].[localhost].[/] - Initializing Spring DispatcherServlet 'dispatcherServlet'
2026-03-25 14:36:51 INFO  [RMI TCP Connection(4)-127.0.0.1] org.springframework.web.servlet.DispatcherServlet - Initializing Servlet 'dispatcherServlet'
2026-03-25 14:36:51 INFO  [RMI TCP Connection(4)-127.0.0.1] org.springframework.web.servlet.DispatcherServlet - Completed initialization in 2 ms
2026-03-25 14:37:22 INFO  [File Watcher] org.springframework.boot.devtools.autoconfigure.LocalDevToolsAutoConfiguration$RestartingClassPathChangeChangedEventListener - Restarting due to 1 class path change (0 additions, 0 deletions, 1 modification)
2026-03-25 14:37:22 INFO  [Thread-5] org.springframework.boot.web.embedded.tomcat.GracefulShutdown - Commencing graceful shutdown. Waiting for active requests to complete
2026-03-25 14:37:22 INFO  [tomcat-shutdown] org.apache.coyote.http11.Http11NioProtocol - Pausing ProtocolHandler ["http-nio-8080"]
2026-03-25 14:37:22 INFO  [tomcat-shutdown] org.springframework.boot.web.embedded.tomcat.GracefulShutdown - Graceful shutdown complete
2026-03-25 14:37:22 INFO  [Thread-5] org.apache.coyote.http11.Http11NioProtocol - Stopping ProtocolHandler ["http-nio-8080"]
2026-03-25 14:37:22 INFO  [Thread-5] org.springframework.orm.jpa.LocalContainerEntityManagerFactoryBean - Closing JPA EntityManagerFactory for persistence unit 'default'
2026-03-25 14:37:22 INFO  [Thread-5] com.zaxxer.hikari.HikariDataSource - HikariPool-1 - Shutdown initiated...
2026-03-25 14:37:22 INFO  [Thread-5] com.zaxxer.hikari.HikariDataSource - HikariPool-1 - Shutdown completed.
2026-03-25 14:37:22 INFO  [restartedMain] com.coforge.UserLoggingSpringBootApplication - Starting UserLoggingSpringBootApplication using Java 21.0.10 with PID 17324 (C:\Users\Anurag.4.Tiwari\Downloads\UserLoggingSpringBoot\target\classes started by Anurag.4.Tiwari in C:\Users\Anurag.4.Tiwari\Downloads\UserLoggingSpringBoot)
2026-03-25 14:37:22 INFO  [restartedMain] com.coforge.UserLoggingSpringBootApplication - The following 1 profile is active: "dev"
2026-03-25 14:37:22 INFO  [restartedMain] org.springframework.data.repository.config.RepositoryConfigurationDelegate - Bootstrapping Spring Data JPA repositories in DEFAULT mode.
2026-03-25 14:37:22 INFO  [restartedMain] org.springframework.data.repository.config.RepositoryConfigurationDelegate - Finished Spring Data repository scanning in 18 ms. Found 1 JPA repository interface.
2026-03-25 14:37:22 INFO  [restartedMain] org.springframework.boot.web.embedded.tomcat.TomcatWebServer - Tomcat initialized with port 8080 (http)
2026-03-25 14:37:22 INFO  [restartedMain] org.apache.coyote.http11.Http11NioProtocol - Initializing ProtocolHandler ["http-nio-8080"]
2026-03-25 14:37:22 INFO  [restartedMain] org.apache.catalina.core.StandardService - Starting service [Tomcat]
2026-03-25 14:37:22 INFO  [restartedMain] org.apache.catalina.core.StandardEngine - Starting Servlet engine: [Apache Tomcat/10.1.52]
2026-03-25 14:37:22 INFO  [restartedMain] org.apache.catalina.core.ContainerBase.[Tomcat].[localhost].[/] - Initializing Spring embedded WebApplicationContext
2026-03-25 14:37:22 INFO  [restartedMain] org.springframework.boot.web.servlet.context.ServletWebServerApplicationContext - Root WebApplicationContext: initialization completed in 611 ms
2026-03-25 14:37:23 INFO  [restartedMain] org.hibernate.jpa.internal.util.LogHelper - HHH000204: Processing PersistenceUnitInfo [name: default]
2026-03-25 14:37:23 INFO  [restartedMain] org.hibernate.cache.internal.RegionFactoryInitiator - HHH000026: Second-level cache disabled
2026-03-25 14:37:23 INFO  [restartedMain] org.springframework.orm.jpa.persistenceunit.SpringPersistenceUnitInfo - No LoadTimeWeaver setup: ignoring JPA class transformer
2026-03-25 14:37:23 INFO  [restartedMain] com.zaxxer.hikari.HikariDataSource - HikariPool-2 - Starting...
2026-03-25 14:37:23 INFO  [restartedMain] com.zaxxer.hikari.pool.HikariPool - HikariPool-2 - Added connection com.mysql.cj.jdbc.ConnectionImpl@33911936
2026-03-25 14:37:23 INFO  [restartedMain] com.zaxxer.hikari.HikariDataSource - HikariPool-2 - Start completed.
2026-03-25 14:37:23 INFO  [restartedMain] org.hibernate.orm.connections.pooling - HHH10001005: Database info:
	Database JDBC URL [Connecting through datasource 'HikariDataSource (HikariPool-2)']
	Database driver: undefined/unknown
	Database version: 8.0.45
	Autocommit mode: undefined/unknown
	Isolation level: undefined/unknown
	Minimum pool size: undefined/unknown
	Maximum pool size: undefined/unknown
2026-03-25 14:37:23 INFO  [restartedMain] org.hibernate.engine.transaction.jta.platform.internal.JtaPlatformInitiator - HHH000489: No JTA platform available (set 'hibernate.transaction.jta.platform' to enable JTA platform integration)
2026-03-25 14:37:23 INFO  [restartedMain] org.springframework.orm.jpa.LocalContainerEntityManagerFactoryBean - Initialized JPA EntityManagerFactory for persistence unit 'default'
2026-03-25 14:37:23 WARN  [restartedMain] org.springframework.boot.autoconfigure.orm.jpa.JpaBaseConfiguration$JpaWebConfiguration - spring.jpa.open-in-view is enabled by default. Therefore, database queries may be performed during view rendering. Explicitly configure spring.jpa.open-in-view to disable this warning
2026-03-25 14:37:23 INFO  [restartedMain] org.springframework.boot.autoconfigure.h2.H2ConsoleAutoConfiguration - H2 console available at '/h2-console'. Database available at 'jdbc:mysql://localhost:3306/devdb'
2026-03-25 14:37:23 INFO  [restartedMain] org.springframework.boot.devtools.autoconfigure.OptionalLiveReloadServer - LiveReload server is running on port 35729
2026-03-25 14:37:23 INFO  [restartedMain] org.springframework.boot.actuate.endpoint.web.EndpointLinksResolver - Exposing 1 endpoint beneath base path '/actuator'
2026-03-25 14:37:23 INFO  [restartedMain] org.apache.coyote.http11.Http11NioProtocol - Starting ProtocolHandler ["http-nio-8080"]
2026-03-25 14:37:23 INFO  [restartedMain] org.springframework.boot.web.embedded.tomcat.TomcatWebServer - Tomcat started on port 8080 (http) with context path '/'
2026-03-25 14:37:23 INFO  [restartedMain] com.coforge.UserLoggingSpringBootApplication - Started UserLoggingSpringBootApplication in 1.186 seconds (process running for 41.242)
2026-03-25 14:37:23 INFO  [restartedMain] org.springframework.boot.devtools.autoconfigure.ConditionEvaluationDeltaLoggingListener - Condition evaluation unchanged
2026-03-25 14:37:39 INFO  [File Watcher] org.springframework.boot.devtools.autoconfigure.LocalDevToolsAutoConfiguration$RestartingClassPathChangeChangedEventListener - Restarting due to 1 class path change (0 additions, 0 deletions, 1 modification)
2026-03-25 14:37:39 INFO  [Thread-7] org.springframework.boot.web.embedded.tomcat.GracefulShutdown - Commencing graceful shutdown. Waiting for active requests to complete
2026-03-25 14:37:39 INFO  [tomcat-shutdown] org.apache.coyote.http11.Http11NioProtocol - Pausing ProtocolHandler ["http-nio-8080"]
2026-03-25 14:37:39 INFO  [tomcat-shutdown] org.springframework.boot.web.embedded.tomcat.GracefulShutdown - Graceful shutdown complete
2026-03-25 14:37:39 INFO  [Thread-7] org.apache.coyote.http11.Http11NioProtocol - Stopping ProtocolHandler ["http-nio-8080"]
2026-03-25 14:37:39 INFO  [Thread-7] org.springframework.orm.jpa.LocalContainerEntityManagerFactoryBean - Closing JPA EntityManagerFactory for persistence unit 'default'
2026-03-25 14:37:39 INFO  [Thread-7] com.zaxxer.hikari.HikariDataSource - HikariPool-2 - Shutdown initiated...
2026-03-25 14:37:39 INFO  [Thread-7] com.zaxxer.hikari.HikariDataSource - HikariPool-2 - Shutdown completed.
2026-03-25 14:37:39 INFO  [restartedMain] com.coforge.UserLoggingSpringBootApplication - Starting UserLoggingSpringBootApplication using Java 21.0.10 with PID 17324 (C:\Users\Anurag.4.Tiwari\Downloads\UserLoggingSpringBoot\target\classes started by Anurag.4.Tiwari in C:\Users\Anurag.4.Tiwari\Downloads\UserLoggingSpringBoot)
2026-03-25 14:37:39 INFO  [restartedMain] com.coforge.UserLoggingSpringBootApplication - The following 1 profile is active: "dev"
2026-03-25 14:37:39 INFO  [restartedMain] org.springframework.data.repository.config.RepositoryConfigurationDelegate - Bootstrapping Spring Data JPA repositories in DEFAULT mode.
2026-03-25 14:37:39 INFO  [restartedMain] org.springframework.data.repository.config.RepositoryConfigurationDelegate - Finished Spring Data repository scanning in 14 ms. Found 1 JPA repository interface.
2026-03-25 14:37:39 INFO  [restartedMain] org.springframework.boot.web.embedded.tomcat.TomcatWebServer - Tomcat initialized with port 8080 (http)
2026-03-25 14:37:39 INFO  [restartedMain] org.apache.coyote.http11.Http11NioProtocol - Initializing ProtocolHandler ["http-nio-8080"]
2026-03-25 14:37:39 INFO  [restartedMain] org.apache.catalina.core.StandardService - Starting service [Tomcat]
2026-03-25 14:37:39 INFO  [restartedMain] org.apache.catalina.core.StandardEngine - Starting Servlet engine: [Apache Tomcat/10.1.52]
2026-03-25 14:37:40 INFO  [restartedMain] org.apache.catalina.core.ContainerBase.[Tomcat].[localhost].[/] - Initializing Spring embedded WebApplicationContext
2026-03-25 14:37:40 INFO  [restartedMain] org.springframework.boot.web.servlet.context.ServletWebServerApplicationContext - Root WebApplicationContext: initialization completed in 550 ms
2026-03-25 14:37:40 INFO  [restartedMain] org.hibernate.jpa.internal.util.LogHelper - HHH000204: Processing PersistenceUnitInfo [name: default]
2026-03-25 14:37:40 INFO  [restartedMain] org.hibernate.cache.internal.RegionFactoryInitiator - HHH000026: Second-level cache disabled
2026-03-25 14:37:40 INFO  [restartedMain] org.springframework.orm.jpa.persistenceunit.SpringPersistenceUnitInfo - No LoadTimeWeaver setup: ignoring JPA class transformer
2026-03-25 14:37:40 INFO  [restartedMain] com.zaxxer.hikari.HikariDataSource - HikariPool-3 - Starting...
2026-03-25 14:37:40 INFO  [restartedMain] com.zaxxer.hikari.pool.HikariPool - HikariPool-3 - Added connection com.mysql.cj.jdbc.ConnectionImpl@78522db2
2026-03-25 14:37:40 INFO  [restartedMain] com.zaxxer.hikari.HikariDataSource - HikariPool-3 - Start completed.
2026-03-25 14:37:40 INFO  [restartedMain] org.hibernate.orm.connections.pooling - HHH10001005: Database info:
	Database JDBC URL [Connecting through datasource 'HikariDataSource (HikariPool-3)']
	Database driver: undefined/unknown
	Database version: 8.0.45
	Autocommit mode: undefined/unknown
	Isolation level: undefined/unknown
	Minimum pool size: undefined/unknown
	Maximum pool size: undefined/unknown
2026-03-25 14:37:40 INFO  [restartedMain] org.hibernate.engine.transaction.jta.platform.internal.JtaPlatformInitiator - HHH000489: No JTA platform available (set 'hibernate.transaction.jta.platform' to enable JTA platform integration)
2026-03-25 14:37:40 INFO  [restartedMain] org.springframework.orm.jpa.LocalContainerEntityManagerFactoryBean - Initialized JPA EntityManagerFactory for persistence unit 'default'
2026-03-25 14:37:40 WARN  [restartedMain] org.springframework.boot.autoconfigure.orm.jpa.JpaBaseConfiguration$JpaWebConfiguration - spring.jpa.open-in-view is enabled by default. Therefore, database queries may be performed during view rendering. Explicitly configure spring.jpa.open-in-view to disable this warning
2026-03-25 14:37:40 INFO  [restartedMain] org.springframework.boot.autoconfigure.h2.H2ConsoleAutoConfiguration - H2 console available at '/h2-console'. Database available at 'jdbc:mysql://localhost:3306/devdb'
2026-03-25 14:37:40 INFO  [restartedMain] org.springframework.boot.devtools.autoconfigure.OptionalLiveReloadServer - LiveReload server is running on port 35729
2026-03-25 14:37:40 INFO  [restartedMain] org.springframework.boot.actuate.endpoint.web.EndpointLinksResolver - Exposing 1 endpoint beneath base path '/actuator'
2026-03-25 14:37:40 INFO  [restartedMain] org.apache.coyote.http11.Http11NioProtocol - Starting ProtocolHandler ["http-nio-8080"]
2026-03-25 14:37:40 INFO  [restartedMain] org.springframework.boot.web.embedded.tomcat.TomcatWebServer - Tomcat started on port 8080 (http) with context path '/'
2026-03-25 14:37:40 INFO  [restartedMain] com.coforge.UserLoggingSpringBootApplication - Started UserLoggingSpringBootApplication in 1.225 seconds (process running for 58.4)
2026-03-25 14:37:40 INFO  [restartedMain] org.springframework.boot.devtools.autoconfigure.ConditionEvaluationDeltaLoggingListener - Condition evaluation unchanged
2026-03-25 14:38:05 INFO  [File Watcher] org.springframework.boot.devtools.autoconfigure.LocalDevToolsAutoConfiguration$RestartingClassPathChangeChangedEventListener - Restarting due to 1 class path change (0 additions, 0 deletions, 1 modification)
2026-03-25 14:38:05 INFO  [Thread-11] org.springframework.boot.web.embedded.tomcat.GracefulShutdown - Commencing graceful shutdown. Waiting for active requests to complete
2026-03-25 14:38:05 INFO  [tomcat-shutdown] org.apache.coyote.http11.Http11NioProtocol - Pausing ProtocolHandler ["http-nio-8080"]
2026-03-25 14:38:05 INFO  [tomcat-shutdown] org.springframework.boot.web.embedded.tomcat.GracefulShutdown - Graceful shutdown complete
2026-03-25 14:38:05 INFO  [Thread-11] org.apache.coyote.http11.Http11NioProtocol - Stopping ProtocolHandler ["http-nio-8080"]
2026-03-25 14:38:05 INFO  [Thread-11] org.springframework.orm.jpa.LocalContainerEntityManagerFactoryBean - Closing JPA EntityManagerFactory for persistence unit 'default'
2026-03-25 14:38:05 INFO  [Thread-11] com.zaxxer.hikari.HikariDataSource - HikariPool-3 - Shutdown initiated...
2026-03-25 14:38:05 INFO  [Thread-11] com.zaxxer.hikari.HikariDataSource - HikariPool-3 - Shutdown completed.
2026-03-25 14:38:05 INFO  [restartedMain] com.coforge.UserLoggingSpringBootApplication - Starting UserLoggingSpringBootApplication using Java 21.0.10 with PID 17324 (C:\Users\Anurag.4.Tiwari\Downloads\UserLoggingSpringBoot\target\classes started by Anurag.4.Tiwari in C:\Users\Anurag.4.Tiwari\Downloads\UserLoggingSpringBoot)
2026-03-25 14:38:05 INFO  [restartedMain] com.coforge.UserLoggingSpringBootApplication - The following 1 profile is active: "dev"
2026-03-25 14:38:06 INFO  [restartedMain] org.springframework.data.repository.config.RepositoryConfigurationDelegate - Bootstrapping Spring Data JPA repositories in DEFAULT mode.
2026-03-25 14:38:06 INFO  [restartedMain] org.springframework.data.repository.config.RepositoryConfigurationDelegate - Finished Spring Data repository scanning in 17 ms. Found 1 JPA repository interface.
2026-03-25 14:38:06 INFO  [restartedMain] org.springframework.boot.web.embedded.tomcat.TomcatWebServer - Tomcat initialized with port 8080 (http)
2026-03-25 14:38:06 INFO  [restartedMain] org.apache.coyote.http11.Http11NioProtocol - Initializing ProtocolHandler ["http-nio-8080"]
2026-03-25 14:38:06 INFO  [restartedMain] org.apache.catalina.core.StandardService - Starting service [Tomcat]
2026-03-25 14:38:06 INFO  [restartedMain] org.apache.catalina.core.StandardEngine - Starting Servlet engine: [Apache Tomcat/10.1.52]
2026-03-25 14:38:06 INFO  [restartedMain] org.apache.catalina.core.ContainerBase.[Tomcat].[localhost].[/] - Initializing Spring embedded WebApplicationContext
2026-03-25 14:38:06 INFO  [restartedMain] org.springframework.boot.web.servlet.context.ServletWebServerApplicationContext - Root WebApplicationContext: initialization completed in 485 ms
2026-03-25 14:38:06 INFO  [restartedMain] org.hibernate.jpa.internal.util.LogHelper - HHH000204: Processing PersistenceUnitInfo [name: default]
2026-03-25 14:38:06 INFO  [restartedMain] org.hibernate.cache.internal.RegionFactoryInitiator - HHH000026: Second-level cache disabled
2026-03-25 14:38:06 INFO  [restartedMain] org.springframework.orm.jpa.persistenceunit.SpringPersistenceUnitInfo - No LoadTimeWeaver setup: ignoring JPA class transformer
2026-03-25 14:38:06 INFO  [restartedMain] com.zaxxer.hikari.HikariDataSource - HikariPool-4 - Starting...
2026-03-25 14:38:06 INFO  [restartedMain] com.zaxxer.hikari.pool.HikariPool - HikariPool-4 - Added connection com.mysql.cj.jdbc.ConnectionImpl@207d68e1
2026-03-25 14:38:06 INFO  [restartedMain] com.zaxxer.hikari.HikariDataSource - HikariPool-4 - Start completed.
2026-03-25 14:38:06 INFO  [restartedMain] org.hibernate.orm.connections.pooling - HHH10001005: Database info:
	Database JDBC URL [Connecting through datasource 'HikariDataSource (HikariPool-4)']
	Database driver: undefined/unknown
	Database version: 8.0.45
	Autocommit mode: undefined/unknown
	Isolation level: undefined/unknown
	Minimum pool size: undefined/unknown
	Maximum pool size: undefined/unknown
2026-03-25 14:38:06 INFO  [restartedMain] org.hibernate.engine.transaction.jta.platform.internal.JtaPlatformInitiator - HHH000489: No JTA platform available (set 'hibernate.transaction.jta.platform' to enable JTA platform integration)
2026-03-25 14:38:06 INFO  [restartedMain] org.springframework.orm.jpa.LocalContainerEntityManagerFactoryBean - Initialized JPA EntityManagerFactory for persistence unit 'default'
2026-03-25 14:38:06 WARN  [restartedMain] org.springframework.boot.autoconfigure.orm.jpa.JpaBaseConfiguration$JpaWebConfiguration - spring.jpa.open-in-view is enabled by default. Therefore, database queries may be performed during view rendering. Explicitly configure spring.jpa.open-in-view to disable this warning
2026-03-25 14:38:06 INFO  [restartedMain] org.springframework.boot.autoconfigure.h2.H2ConsoleAutoConfiguration - H2 console available at '/h2-console'. Database available at 'jdbc:mysql://localhost:3306/devdb'
2026-03-25 14:38:06 INFO  [restartedMain] org.springframework.boot.devtools.autoconfigure.OptionalLiveReloadServer - LiveReload server is running on port 35729
2026-03-25 14:38:06 INFO  [restartedMain] org.springframework.boot.actuate.endpoint.web.EndpointLinksResolver - Exposing 1 endpoint beneath base path '/actuator'
2026-03-25 14:38:06 INFO  [restartedMain] org.apache.coyote.http11.Http11NioProtocol - Starting ProtocolHandler ["http-nio-8080"]
2026-03-25 14:38:06 INFO  [restartedMain] org.springframework.boot.web.embedded.tomcat.TomcatWebServer - Tomcat started on port 8080 (http) with context path '/'
2026-03-25 14:38:06 INFO  [restartedMain] com.coforge.UserLoggingSpringBootApplication - Started UserLoggingSpringBootApplication in 0.938 seconds (process running for 84.435)
2026-03-25 14:38:06 INFO  [restartedMain] org.springframework.boot.devtools.autoconfigure.ConditionEvaluationDeltaLoggingListener - Condition evaluation unchanged
2026-03-25 14:38:17 INFO  [File Watcher] org.springframework.boot.devtools.autoconfigure.LocalDevToolsAutoConfiguration$RestartingClassPathChangeChangedEventListener - Restarting due to 1 class path change (0 additions, 0 deletions, 1 modification)
2026-03-25 14:38:17 INFO  [Thread-15] org.springframework.boot.web.embedded.tomcat.GracefulShutdown - Commencing graceful shutdown. Waiting for active requests to complete
2026-03-25 14:38:17 INFO  [tomcat-shutdown] org.apache.coyote.http11.Http11NioProtocol - Pausing ProtocolHandler ["http-nio-8080"]
2026-03-25 14:38:17 INFO  [tomcat-shutdown] org.springframework.boot.web.embedded.tomcat.GracefulShutdown - Graceful shutdown complete
2026-03-25 14:38:17 INFO  [Thread-15] org.apache.coyote.http11.Http11NioProtocol - Stopping ProtocolHandler ["http-nio-8080"]
2026-03-25 14:38:17 INFO  [Thread-15] org.springframework.orm.jpa.LocalContainerEntityManagerFactoryBean - Closing JPA EntityManagerFactory for persistence unit 'default'
2026-03-25 14:38:17 INFO  [Thread-15] com.zaxxer.hikari.HikariDataSource - HikariPool-4 - Shutdown initiated...
2026-03-25 14:38:17 INFO  [Thread-15] com.zaxxer.hikari.HikariDataSource - HikariPool-4 - Shutdown completed.
2026-03-25 14:38:17 INFO  [restartedMain] com.coforge.UserLoggingSpringBootApplication - Starting UserLoggingSpringBootApplication using Java 21.0.10 with PID 17324 (C:\Users\Anurag.4.Tiwari\Downloads\UserLoggingSpringBoot\target\classes started by Anurag.4.Tiwari in C:\Users\Anurag.4.Tiwari\Downloads\UserLoggingSpringBoot)
2026-03-25 14:38:17 INFO  [restartedMain] com.coforge.UserLoggingSpringBootApplication - The following 1 profile is active: "dev"
2026-03-25 14:38:17 INFO  [restartedMain] org.springframework.data.repository.config.RepositoryConfigurationDelegate - Bootstrapping Spring Data JPA repositories in DEFAULT mode.
2026-03-25 14:38:17 INFO  [restartedMain] org.springframework.data.repository.config.RepositoryConfigurationDelegate - Finished Spring Data repository scanning in 12 ms. Found 1 JPA repository interface.
2026-03-25 14:38:17 INFO  [restartedMain] org.springframework.boot.web.embedded.tomcat.TomcatWebServer - Tomcat initialized with port 8080 (http)
2026-03-25 14:38:17 INFO  [restartedMain] org.apache.coyote.http11.Http11NioProtocol - Initializing ProtocolHandler ["http-nio-8080"]
2026-03-25 14:38:17 INFO  [restartedMain] org.apache.catalina.core.StandardService - Starting service [Tomcat]
2026-03-25 14:38:17 INFO  [restartedMain] org.apache.catalina.core.StandardEngine - Starting Servlet engine: [Apache Tomcat/10.1.52]
2026-03-25 14:38:17 INFO  [restartedMain] org.apache.catalina.core.ContainerBase.[Tomcat].[localhost].[/] - Initializing Spring embedded WebApplicationContext
2026-03-25 14:38:17 INFO  [restartedMain] org.springframework.boot.web.servlet.context.ServletWebServerApplicationContext - Root WebApplicationContext: initialization completed in 499 ms
2026-03-25 14:38:18 INFO  [restartedMain] org.hibernate.jpa.internal.util.LogHelper - HHH000204: Processing PersistenceUnitInfo [name: default]
2026-03-25 14:38:18 INFO  [restartedMain] org.hibernate.cache.internal.RegionFactoryInitiator - HHH000026: Second-level cache disabled
2026-03-25 14:38:18 INFO  [restartedMain] org.springframework.orm.jpa.persistenceunit.SpringPersistenceUnitInfo - No LoadTimeWeaver setup: ignoring JPA class transformer
2026-03-25 14:38:18 INFO  [restartedMain] com.zaxxer.hikari.HikariDataSource - HikariPool-5 - Starting...
2026-03-25 14:38:18 INFO  [restartedMain] com.zaxxer.hikari.pool.HikariPool - HikariPool-5 - Added connection com.mysql.cj.jdbc.ConnectionImpl@32df9cc9
2026-03-25 14:38:18 INFO  [restartedMain] com.zaxxer.hikari.HikariDataSource - HikariPool-5 - Start completed.
2026-03-25 14:38:18 INFO  [restartedMain] org.hibernate.orm.connections.pooling - HHH10001005: Database info:
	Database JDBC URL [Connecting through datasource 'HikariDataSource (HikariPool-5)']
	Database driver: undefined/unknown
	Database version: 8.0.45
	Autocommit mode: undefined/unknown
	Isolation level: undefined/unknown
	Minimum pool size: undefined/unknown
	Maximum pool size: undefined/unknown
2026-03-25 14:38:18 INFO  [restartedMain] org.hibernate.engine.transaction.jta.platform.internal.JtaPlatformInitiator - HHH000489: No JTA platform available (set 'hibernate.transaction.jta.platform' to enable JTA platform integration)
2026-03-25 14:38:18 INFO  [restartedMain] org.springframework.orm.jpa.LocalContainerEntityManagerFactoryBean - Initialized JPA EntityManagerFactory for persistence unit 'default'
2026-03-25 14:38:18 WARN  [restartedMain] org.springframework.boot.autoconfigure.orm.jpa.JpaBaseConfiguration$JpaWebConfiguration - spring.jpa.open-in-view is enabled by default. Therefore, database queries may be performed during view rendering. Explicitly configure spring.jpa.open-in-view to disable this warning
2026-03-25 14:38:18 INFO  [restartedMain] org.springframework.boot.autoconfigure.h2.H2ConsoleAutoConfiguration - H2 console available at '/h2-console'. Database available at 'jdbc:mysql://localhost:3306/devdb'
2026-03-25 14:38:18 INFO  [restartedMain] org.springframework.boot.devtools.autoconfigure.OptionalLiveReloadServer - LiveReload server is running on port 35729
2026-03-25 14:38:18 INFO  [restartedMain] org.springframework.boot.actuate.endpoint.web.EndpointLinksResolver - Exposing 1 endpoint beneath base path '/actuator'
2026-03-25 14:38:18 INFO  [restartedMain] org.apache.coyote.http11.Http11NioProtocol - Starting ProtocolHandler ["http-nio-8080"]
2026-03-25 14:38:18 INFO  [restartedMain] org.springframework.boot.web.embedded.tomcat.TomcatWebServer - Tomcat started on port 8080 (http) with context path '/'
2026-03-25 14:38:18 INFO  [restartedMain] com.coforge.UserLoggingSpringBootApplication - Started UserLoggingSpringBootApplication in 0.964 seconds (process running for 96.134)
2026-03-25 14:38:18 INFO  [restartedMain] org.springframework.boot.devtools.autoconfigure.ConditionEvaluationDeltaLoggingListener - Condition evaluation unchanged
2026-03-25 14:38:33 INFO  [restartedMain] com.coforge.UserLoggingSpringBootApplication - Starting UserLoggingSpringBootApplication using Java 21.0.10 with PID 3748 (C:\Users\Anurag.4.Tiwari\Downloads\UserLoggingSpringBoot\target\classes started by Anurag.4.Tiwari in C:\Users\Anurag.4.Tiwari\Downloads\UserLoggingSpringBoot)
2026-03-25 14:38:33 INFO  [restartedMain] com.coforge.UserLoggingSpringBootApplication - The following 1 profile is active: "prod"
2026-03-25 14:38:33 INFO  [restartedMain] org.springframework.boot.devtools.env.DevToolsPropertyDefaultsPostProcessor - Devtools property defaults active! Set 'spring.devtools.add-properties' to 'false' to disable
2026-03-25 14:38:33 INFO  [restartedMain] org.springframework.boot.devtools.env.DevToolsPropertyDefaultsPostProcessor - For additional web related logging consider setting the 'logging.level.web' property to 'DEBUG'
2026-03-25 14:38:34 INFO  [restartedMain] org.springframework.data.repository.config.RepositoryConfigurationDelegate - Bootstrapping Spring Data JPA repositories in DEFAULT mode.
2026-03-25 14:38:34 INFO  [restartedMain] org.springframework.data.repository.config.RepositoryConfigurationDelegate - Finished Spring Data repository scanning in 60 ms. Found 1 JPA repository interface.
2026-03-25 14:38:35 INFO  [restartedMain] org.springframework.boot.web.embedded.tomcat.TomcatWebServer - Tomcat initialized with port 8082 (http)
2026-03-25 14:38:35 INFO  [restartedMain] org.apache.coyote.http11.Http11NioProtocol - Initializing ProtocolHandler ["http-nio-8082"]
2026-03-25 14:38:35 INFO  [restartedMain] org.apache.catalina.core.StandardService - Starting service [Tomcat]
2026-03-25 14:38:35 INFO  [restartedMain] org.apache.catalina.core.StandardEngine - Starting Servlet engine: [Apache Tomcat/10.1.52]
2026-03-25 14:38:35 INFO  [restartedMain] org.apache.catalina.core.ContainerBase.[Tomcat].[localhost].[/] - Initializing Spring embedded WebApplicationContext
2026-03-25 14:38:35 INFO  [restartedMain] org.springframework.boot.web.servlet.context.ServletWebServerApplicationContext - Root WebApplicationContext: initialization completed in 2136 ms
2026-03-25 14:38:35 INFO  [restartedMain] com.zaxxer.hikari.HikariDataSource - HikariPool-1 - Starting...
2026-03-25 14:38:36 INFO  [restartedMain] com.zaxxer.hikari.pool.HikariPool - HikariPool-1 - Added connection conn0: url=jdbc:h2:mem:proddb user=SA
2026-03-25 14:38:36 INFO  [restartedMain] com.zaxxer.hikari.HikariDataSource - HikariPool-1 - Start completed.
2026-03-25 14:38:36 INFO  [restartedMain] org.hibernate.jpa.internal.util.LogHelper - HHH000204: Processing PersistenceUnitInfo [name: default]
2026-03-25 14:38:36 INFO  [restartedMain] org.hibernate.Version - HHH000412: Hibernate ORM core version 6.6.44.Final
2026-03-25 14:38:36 INFO  [restartedMain] org.hibernate.cache.internal.RegionFactoryInitiator - HHH000026: Second-level cache disabled
2026-03-25 14:38:36 INFO  [restartedMain] org.springframework.orm.jpa.persistenceunit.SpringPersistenceUnitInfo - No LoadTimeWeaver setup: ignoring JPA class transformer
2026-03-25 14:38:36 WARN  [restartedMain] org.hibernate.orm.deprecation - HHH90000025: H2Dialect does not need to be specified explicitly using 'hibernate.dialect' (remove the property setting and it will be selected by default)
2026-03-25 14:38:36 INFO  [restartedMain] org.hibernate.orm.connections.pooling - HHH10001005: Database info:
	Database JDBC URL [Connecting through datasource 'HikariDataSource (HikariPool-1)']
	Database driver: undefined/unknown
	Database version: 2.3.232
	Autocommit mode: undefined/unknown
	Isolation level: undefined/unknown
	Minimum pool size: undefined/unknown
	Maximum pool size: undefined/unknown
2026-03-25 14:38:37 INFO  [restartedMain] org.hibernate.engine.transaction.jta.platform.internal.JtaPlatformInitiator - HHH000489: No JTA platform available (set 'hibernate.transaction.jta.platform' to enable JTA platform integration)
2026-03-25 14:38:37 WARN  [restartedMain] org.hibernate.tool.schema.internal.ExceptionHandlerLoggedImpl - GenerationTarget encountered exception accepting command : Error executing DDL "drop table if exists user cascade " via JDBC [Syntax error in SQL statement "drop table if exists [*]user cascade "; expected "identifier";]
org.hibernate.tool.schema.spi.CommandAcceptanceException: Error executing DDL "drop table if exists user cascade " via JDBC [Syntax error in SQL statement "drop table if exists [*]user cascade "; expected "identifier";]
	at org.hibernate.tool.schema.internal.exec.GenerationTargetToDatabase.accept(GenerationTargetToDatabase.java:94) ~[hibernate-core-6.6.44.Final.jar:6.6.44.Final]
	at org.hibernate.tool.schema.internal.Helper.applySqlString(Helper.java:233) ~[hibernate-core-6.6.44.Final.jar:6.6.44.Final]
	at org.hibernate.tool.schema.internal.Helper.applySqlStrings(Helper.java:217) ~[hibernate-core-6.6.44.Final.jar:6.6.44.Final]
	at org.hibernate.tool.schema.internal.SchemaDropperImpl.dropTables(SchemaDropperImpl.java:384) ~[hibernate-core-6.6.44.Final.jar:6.6.44.Final]
	at org.hibernate.tool.schema.internal.SchemaDropperImpl.dropConstraintsTablesSequences(SchemaDropperImpl.java:256) ~[hibernate-core-6.6.44.Final.jar:6.6.44.Final]
	at org.hibernate.tool.schema.internal.SchemaDropperImpl.dropFromMetadata(SchemaDropperImpl.java:218) ~[hibernate-core-6.6.44.Final.jar:6.6.44.Final]
	at org.hibernate.tool.schema.internal.SchemaDropperImpl.performDrop(SchemaDropperImpl.java:186) ~[hibernate-core-6.6.44.Final.jar:6.6.44.Final]
	at org.hibernate.tool.schema.internal.SchemaDropperImpl.doDrop(SchemaDropperImpl.java:156) ~[hibernate-core-6.6.44.Final.jar:6.6.44.Final]
	at org.hibernate.tool.schema.internal.SchemaDropperImpl.doDrop(SchemaDropperImpl.java:116) ~[hibernate-core-6.6.44.Final.jar:6.6.44.Final]
	at org.hibernate.tool.schema.spi.SchemaManagementToolCoordinator.performDatabaseAction(SchemaManagementToolCoordinator.java:238) ~[hibernate-core-6.6.44.Final.jar:6.6.44.Final]
	at org.hibernate.tool.schema.spi.SchemaManagementToolCoordinator.lambda$process$5(SchemaManagementToolCoordinator.java:144) ~[hibernate-core-6.6.44.Final.jar:6.6.44.Final]
	at java.base/java.util.HashMap.forEach(HashMap.java:1429) ~[?:?]
	at org.hibernate.tool.schema.spi.SchemaManagementToolCoordinator.process(SchemaManagementToolCoordinator.java:141) ~[hibernate-core-6.6.44.Final.jar:6.6.44.Final]
	at org.hibernate.boot.internal.SessionFactoryObserverForSchemaExport.sessionFactoryCreated(SessionFactoryObserverForSchemaExport.java:37) ~[hibernate-core-6.6.44.Final.jar:6.6.44.Final]
	at org.hibernate.internal.SessionFactoryObserverChain.sessionFactoryCreated(SessionFactoryObserverChain.java:35) ~[hibernate-core-6.6.44.Final.jar:6.6.44.Final]
	at org.hibernate.internal.SessionFactoryImpl.<init>(SessionFactoryImpl.java:324) ~[hibernate-core-6.6.44.Final.jar:6.6.44.Final]
	at org.hibernate.boot.internal.SessionFactoryBuilderImpl.build(SessionFactoryBuilderImpl.java:463) ~[hibernate-core-6.6.44.Final.jar:6.6.44.Final]
	at org.hibernate.jpa.boot.internal.EntityManagerFactoryBuilderImpl.build(EntityManagerFactoryBuilderImpl.java:1517) ~[hibernate-core-6.6.44.Final.jar:6.6.44.Final]
	at org.springframework.orm.jpa.vendor.SpringHibernateJpaPersistenceProvider.createContainerEntityManagerFactory(SpringHibernateJpaPersistenceProvider.java:66) ~[spring-orm-6.2.17.jar:6.2.17]
	at org.springframework.orm.jpa.LocalContainerEntityManagerFactoryBean.createNativeEntityManagerFactory(LocalContainerEntityManagerFactoryBean.java:388) ~[spring-orm-6.2.17.jar:6.2.17]
	at org.springframework.orm.jpa.AbstractEntityManagerFactoryBean.buildNativeEntityManagerFactory(AbstractEntityManagerFactoryBean.java:419) ~[spring-orm-6.2.17.jar:6.2.17]
	at org.springframework.orm.jpa.AbstractEntityManagerFactoryBean.afterPropertiesSet(AbstractEntityManagerFactoryBean.java:400) ~[spring-orm-6.2.17.jar:6.2.17]
	at org.springframework.orm.jpa.LocalContainerEntityManagerFactoryBean.afterPropertiesSet(LocalContainerEntityManagerFactoryBean.java:364) ~[spring-orm-6.2.17.jar:6.2.17]
	at org.springframework.beans.factory.support.AbstractAutowireCapableBeanFactory.invokeInitMethods(AbstractAutowireCapableBeanFactory.java:1873) ~[spring-beans-6.2.17.jar:6.2.17]
	at org.springframework.beans.factory.support.AbstractAutowireCapableBeanFactory.initializeBean(AbstractAutowireCapableBeanFactory.java:1822) ~[spring-beans-6.2.17.jar:6.2.17]
	at org.springframework.beans.factory.support.AbstractAutowireCapableBeanFactory.doCreateBean(AbstractAutowireCapableBeanFactory.java:607) ~[spring-beans-6.2.17.jar:6.2.17]
	at org.springframework.beans.factory.support.AbstractAutowireCapableBeanFactory.createBean(AbstractAutowireCapableBeanFactory.java:529) ~[spring-beans-6.2.17.jar:6.2.17]
	at org.springframework.beans.factory.support.AbstractBeanFactory.lambda$doGetBean$0(AbstractBeanFactory.java:339) ~[spring-beans-6.2.17.jar:6.2.17]
	at org.springframework.beans.factory.support.DefaultSingletonBeanRegistry.getSingleton(DefaultSingletonBeanRegistry.java:373) [spring-beans-6.2.17.jar:6.2.17]
	at org.springframework.beans.factory.support.AbstractBeanFactory.doGetBean(AbstractBeanFactory.java:337) [spring-beans-6.2.17.jar:6.2.17]
	at org.springframework.beans.factory.support.AbstractBeanFactory.getBean(AbstractBeanFactory.java:207) [spring-beans-6.2.17.jar:6.2.17]
	at org.springframework.context.support.AbstractApplicationContext.finishBeanFactoryInitialization(AbstractApplicationContext.java:974) [spring-context-6.2.17.jar:6.2.17]
	at org.springframework.context.support.AbstractApplicationContext.refresh(AbstractApplicationContext.java:628) [spring-context-6.2.17.jar:6.2.17]
	at org.springframework.boot.web.servlet.context.ServletWebServerApplicationContext.refresh(ServletWebServerApplicationContext.java:146) [spring-boot-3.5.12.jar:3.5.12]
	at org.springframework.boot.SpringApplication.refresh(SpringApplication.java:752) [spring-boot-3.5.12.jar:3.5.12]
	at org.springframework.boot.SpringApplication.refreshContext(SpringApplication.java:439) [spring-boot-3.5.12.jar:3.5.12]
	at org.springframework.boot.SpringApplication.run(SpringApplication.java:318) [spring-boot-3.5.12.jar:3.5.12]
	at org.springframework.boot.SpringApplication.run(SpringApplication.java:1361) [spring-boot-3.5.12.jar:3.5.12]
	at org.springframework.boot.SpringApplication.run(SpringApplication.java:1350) [spring-boot-3.5.12.jar:3.5.12]
	at com.coforge.UserLoggingSpringBootApplication.main(UserLoggingSpringBootApplication.java:10) [classes/:?]
	at java.base/jdk.internal.reflect.DirectMethodHandleAccessor.invoke(DirectMethodHandleAccessor.java:103) ~[?:?]
	at java.base/java.lang.reflect.Method.invoke(Method.java:580) ~[?:?]
	at org.springframework.boot.devtools.restart.RestartLauncher.run(RestartLauncher.java:50) [spring-boot-devtools-3.5.12.jar:3.5.12]
Caused by: org.h2.jdbc.JdbcSQLSyntaxErrorException: Syntax error in SQL statement "drop table if exists [*]user cascade "; expected "identifier"; SQL statement:
drop table if exists user cascade  [42001-232]
	at org.h2.message.DbException.getJdbcSQLException(DbException.java:514) ~[h2-2.3.232.jar:2.3.232]
	at org.h2.message.DbException.getJdbcSQLException(DbException.java:489) ~[h2-2.3.232.jar:2.3.232]
	at org.h2.message.DbException.getSyntaxError(DbException.java:261) ~[h2-2.3.232.jar:2.3.232]
	at org.h2.command.Parser.readIdentifier(Parser.java:5527) ~[h2-2.3.232.jar:2.3.232]
	at org.h2.command.Parser.readIdentifierWithSchema(Parser.java:5487) ~[h2-2.3.232.jar:2.3.232]
	at org.h2.command.Parser.readIdentifierWithSchema(Parser.java:5516) ~[h2-2.3.232.jar:2.3.232]
	at org.h2.command.Parser.parseDrop(Parser.java:2094) ~[h2-2.3.232.jar:2.3.232]
	at org.h2.command.Parser.parsePrepared(Parser.java:658) ~[h2-2.3.232.jar:2.3.232]
	at org.h2.command.Parser.parse(Parser.java:581) ~[h2-2.3.232.jar:2.3.232]
	at org.h2.command.Parser.parse(Parser.java:556) ~[h2-2.3.232.jar:2.3.232]
	at org.h2.command.Parser.prepareCommand(Parser.java:484) ~[h2-2.3.232.jar:2.3.232]
	at org.h2.engine.SessionLocal.prepareLocal(SessionLocal.java:645) ~[h2-2.3.232.jar:2.3.232]
	at org.h2.engine.SessionLocal.prepareCommand(SessionLocal.java:561) ~[h2-2.3.232.jar:2.3.232]
	at org.h2.jdbc.JdbcConnection.prepareCommand(JdbcConnection.java:1164) ~[h2-2.3.232.jar:2.3.232]
	at org.h2.jdbc.JdbcStatement.executeInternal(JdbcStatement.java:245) ~[h2-2.3.232.jar:2.3.232]
	at org.h2.jdbc.JdbcStatement.execute(JdbcStatement.java:231) ~[h2-2.3.232.jar:2.3.232]
	at com.zaxxer.hikari.pool.ProxyStatement.execute(ProxyStatement.java:95) ~[HikariCP-6.3.3.jar:?]
	at com.zaxxer.hikari.pool.HikariProxyStatement.execute(HikariProxyStatement.java) ~[HikariCP-6.3.3.jar:?]
	at org.hibernate.tool.schema.internal.exec.GenerationTargetToDatabase.accept(GenerationTargetToDatabase.java:80) ~[hibernate-core-6.6.44.Final.jar:6.6.44.Final]
	... 42 more
2026-03-25 14:38:37 WARN  [restartedMain] org.hibernate.tool.schema.internal.ExceptionHandlerLoggedImpl - GenerationTarget encountered exception accepting command : Error executing DDL "create table user (uid bigint not null, pwd varchar(255), uname varchar(255), primary key (uid))" via JDBC [Syntax error in SQL statement "create table [*]user (uid bigint not null, pwd varchar(255), uname varchar(255), primary key (uid))"; expected "identifier";]
org.hibernate.tool.schema.spi.CommandAcceptanceException: Error executing DDL "create table user (uid bigint not null, pwd varchar(255), uname varchar(255), primary key (uid))" via JDBC [Syntax error in SQL statement "create table [*]user (uid bigint not null, pwd varchar(255), uname varchar(255), primary key (uid))"; expected "identifier";]
	at org.hibernate.tool.schema.internal.exec.GenerationTargetToDatabase.accept(GenerationTargetToDatabase.java:94) ~[hibernate-core-6.6.44.Final.jar:6.6.44.Final]
	at org.hibernate.tool.schema.internal.Helper.applySqlString(Helper.java:233) ~[hibernate-core-6.6.44.Final.jar:6.6.44.Final]
	at org.hibernate.tool.schema.internal.Helper.applySqlStrings(Helper.java:217) ~[hibernate-core-6.6.44.Final.jar:6.6.44.Final]
	at org.hibernate.tool.schema.internal.SchemaCreatorImpl.createTables(SchemaCreatorImpl.java:430) ~[hibernate-core-6.6.44.Final.jar:6.6.44.Final]
	at org.hibernate.tool.schema.internal.SchemaCreatorImpl.createSequencesTablesConstraints(SchemaCreatorImpl.java:346) ~[hibernate-core-6.6.44.Final.jar:6.6.44.Final]
	at org.hibernate.tool.schema.internal.SchemaCreatorImpl.createFromMetadata(SchemaCreatorImpl.java:241) ~[hibernate-core-6.6.44.Final.jar:6.6.44.Final]
	at org.hibernate.tool.schema.internal.SchemaCreatorImpl.performCreation(SchemaCreatorImpl.java:174) ~[hibernate-core-6.6.44.Final.jar:6.6.44.Final]
	at org.hibernate.tool.schema.internal.SchemaCreatorImpl.doCreation(SchemaCreatorImpl.java:144) ~[hibernate-core-6.6.44.Final.jar:6.6.44.Final]
	at org.hibernate.tool.schema.internal.SchemaCreatorImpl.doCreation(SchemaCreatorImpl.java:120) ~[hibernate-core-6.6.44.Final.jar:6.6.44.Final]
	at org.hibernate.tool.schema.spi.SchemaManagementToolCoordinator.performDatabaseAction(SchemaManagementToolCoordinator.java:250) ~[hibernate-core-6.6.44.Final.jar:6.6.44.Final]
	at org.hibernate.tool.schema.spi.SchemaManagementToolCoordinator.lambda$process$5(SchemaManagementToolCoordinator.java:144) ~[hibernate-core-6.6.44.Final.jar:6.6.44.Final]
	at java.base/java.util.HashMap.forEach(HashMap.java:1429) ~[?:?]
	at org.hibernate.tool.schema.spi.SchemaManagementToolCoordinator.process(SchemaManagementToolCoordinator.java:141) ~[hibernate-core-6.6.44.Final.jar:6.6.44.Final]
	at org.hibernate.boot.internal.SessionFactoryObserverForSchemaExport.sessionFactoryCreated(SessionFactoryObserverForSchemaExport.java:37) ~[hibernate-core-6.6.44.Final.jar:6.6.44.Final]
	at org.hibernate.internal.SessionFactoryObserverChain.sessionFactoryCreated(SessionFactoryObserverChain.java:35) ~[hibernate-core-6.6.44.Final.jar:6.6.44.Final]
	at org.hibernate.internal.SessionFactoryImpl.<init>(SessionFactoryImpl.java:324) ~[hibernate-core-6.6.44.Final.jar:6.6.44.Final]
	at org.hibernate.boot.internal.SessionFactoryBuilderImpl.build(SessionFactoryBuilderImpl.java:463) ~[hibernate-core-6.6.44.Final.jar:6.6.44.Final]
	at org.hibernate.jpa.boot.internal.EntityManagerFactoryBuilderImpl.build(EntityManagerFactoryBuilderImpl.java:1517) ~[hibernate-core-6.6.44.Final.jar:6.6.44.Final]
	at org.springframework.orm.jpa.vendor.SpringHibernateJpaPersistenceProvider.createContainerEntityManagerFactory(SpringHibernateJpaPersistenceProvider.java:66) ~[spring-orm-6.2.17.jar:6.2.17]
	at org.springframework.orm.jpa.LocalContainerEntityManagerFactoryBean.createNativeEntityManagerFactory(LocalContainerEntityManagerFactoryBean.java:388) ~[spring-orm-6.2.17.jar:6.2.17]
	at org.springframework.orm.jpa.AbstractEntityManagerFactoryBean.buildNativeEntityManagerFactory(AbstractEntityManagerFactoryBean.java:419) ~[spring-orm-6.2.17.jar:6.2.17]
	at org.springframework.orm.jpa.AbstractEntityManagerFactoryBean.afterPropertiesSet(AbstractEntityManagerFactoryBean.java:400) ~[spring-orm-6.2.17.jar:6.2.17]
	at org.springframework.orm.jpa.LocalContainerEntityManagerFactoryBean.afterPropertiesSet(LocalContainerEntityManagerFactoryBean.java:364) ~[spring-orm-6.2.17.jar:6.2.17]
	at org.springframework.beans.factory.support.AbstractAutowireCapableBeanFactory.invokeInitMethods(AbstractAutowireCapableBeanFactory.java:1873) ~[spring-beans-6.2.17.jar:6.2.17]
	at org.springframework.beans.factory.support.AbstractAutowireCapableBeanFactory.initializeBean(AbstractAutowireCapableBeanFactory.java:1822) ~[spring-beans-6.2.17.jar:6.2.17]
	at org.springframework.beans.factory.support.AbstractAutowireCapableBeanFactory.doCreateBean(AbstractAutowireCapableBeanFactory.java:607) ~[spring-beans-6.2.17.jar:6.2.17]
	at org.springframework.beans.factory.support.AbstractAutowireCapableBeanFactory.createBean(AbstractAutowireCapableBeanFactory.java:529) ~[spring-beans-6.2.17.jar:6.2.17]
	at org.springframework.beans.factory.support.AbstractBeanFactory.lambda$doGetBean$0(AbstractBeanFactory.java:339) ~[spring-beans-6.2.17.jar:6.2.17]
	at org.springframework.beans.factory.support.DefaultSingletonBeanRegistry.getSingleton(DefaultSingletonBeanRegistry.java:373) [spring-beans-6.2.17.jar:6.2.17]
	at org.springframework.beans.factory.support.AbstractBeanFactory.doGetBean(AbstractBeanFactory.java:337) [spring-beans-6.2.17.jar:6.2.17]
	at org.springframework.beans.factory.support.AbstractBeanFactory.getBean(AbstractBeanFactory.java:207) [spring-beans-6.2.17.jar:6.2.17]
	at org.springframework.context.support.AbstractApplicationContext.finishBeanFactoryInitialization(AbstractApplicationContext.java:974) [spring-context-6.2.17.jar:6.2.17]
	at org.springframework.context.support.AbstractApplicationContext.refresh(AbstractApplicationContext.java:628) [spring-context-6.2.17.jar:6.2.17]
	at org.springframework.boot.web.servlet.context.ServletWebServerApplicationContext.refresh(ServletWebServerApplicationContext.java:146) [spring-boot-3.5.12.jar:3.5.12]
	at org.springframework.boot.SpringApplication.refresh(SpringApplication.java:752) [spring-boot-3.5.12.jar:3.5.12]
	at org.springframework.boot.SpringApplication.refreshContext(SpringApplication.java:439) [spring-boot-3.5.12.jar:3.5.12]
	at org.springframework.boot.SpringApplication.run(SpringApplication.java:318) [spring-boot-3.5.12.jar:3.5.12]
	at org.springframework.boot.SpringApplication.run(SpringApplication.java:1361) [spring-boot-3.5.12.jar:3.5.12]
	at org.springframework.boot.SpringApplication.run(SpringApplication.java:1350) [spring-boot-3.5.12.jar:3.5.12]
	at com.coforge.UserLoggingSpringBootApplication.main(UserLoggingSpringBootApplication.java:10) [classes/:?]
	at java.base/jdk.internal.reflect.DirectMethodHandleAccessor.invoke(DirectMethodHandleAccessor.java:103) ~[?:?]
	at java.base/java.lang.reflect.Method.invoke(Method.java:580) ~[?:?]
	at org.springframework.boot.devtools.restart.RestartLauncher.run(RestartLauncher.java:50) [spring-boot-devtools-3.5.12.jar:3.5.12]
Caused by: org.h2.jdbc.JdbcSQLSyntaxErrorException: Syntax error in SQL statement "create table [*]user (uid bigint not null, pwd varchar(255), uname varchar(255), primary key (uid))"; expected "identifier"; SQL statement:
create table user (uid bigint not null, pwd varchar(255), uname varchar(255), primary key (uid)) [42001-232]
	at org.h2.message.DbException.getJdbcSQLException(DbException.java:514) ~[h2-2.3.232.jar:2.3.232]
	at org.h2.message.DbException.getJdbcSQLException(DbException.java:489) ~[h2-2.3.232.jar:2.3.232]
	at org.h2.message.DbException.getSyntaxError(DbException.java:261) ~[h2-2.3.232.jar:2.3.232]
	at org.h2.command.Parser.readIdentifier(Parser.java:5527) ~[h2-2.3.232.jar:2.3.232]
	at org.h2.command.Parser.readIdentifierWithSchema(Parser.java:5487) ~[h2-2.3.232.jar:2.3.232]
	at org.h2.command.Parser.readIdentifierWithSchema(Parser.java:5516) ~[h2-2.3.232.jar:2.3.232]
	at org.h2.command.Parser.parseCreateTable(Parser.java:8801) ~[h2-2.3.232.jar:2.3.232]
	at org.h2.command.Parser.parseCreate(Parser.java:6398) ~[h2-2.3.232.jar:2.3.232]
	at org.h2.command.Parser.parsePrepared(Parser.java:645) ~[h2-2.3.232.jar:2.3.232]
	at org.h2.command.Parser.parse(Parser.java:581) ~[h2-2.3.232.jar:2.3.232]
	at org.h2.command.Parser.parse(Parser.java:556) ~[h2-2.3.232.jar:2.3.232]
	at org.h2.command.Parser.prepareCommand(Parser.java:484) ~[h2-2.3.232.jar:2.3.232]
	at org.h2.engine.SessionLocal.prepareLocal(SessionLocal.java:645) ~[h2-2.3.232.jar:2.3.232]
	at org.h2.engine.SessionLocal.prepareCommand(SessionLocal.java:561) ~[h2-2.3.232.jar:2.3.232]
	at org.h2.jdbc.JdbcConnection.prepareCommand(JdbcConnection.java:1164) ~[h2-2.3.232.jar:2.3.232]
	at org.h2.jdbc.JdbcStatement.executeInternal(JdbcStatement.java:245) ~[h2-2.3.232.jar:2.3.232]
	at org.h2.jdbc.JdbcStatement.execute(JdbcStatement.java:231) ~[h2-2.3.232.jar:2.3.232]
	at com.zaxxer.hikari.pool.ProxyStatement.execute(ProxyStatement.java:95) ~[HikariCP-6.3.3.jar:?]
	at com.zaxxer.hikari.pool.HikariProxyStatement.execute(HikariProxyStatement.java) ~[HikariCP-6.3.3.jar:?]
	at org.hibernate.tool.schema.internal.exec.GenerationTargetToDatabase.accept(GenerationTargetToDatabase.java:80) ~[hibernate-core-6.6.44.Final.jar:6.6.44.Final]
	... 42 more
2026-03-25 14:38:37 INFO  [restartedMain] org.springframework.orm.jpa.LocalContainerEntityManagerFactoryBean - Initialized JPA EntityManagerFactory for persistence unit 'default'
2026-03-25 14:38:38 WARN  [restartedMain] org.springframework.boot.autoconfigure.orm.jpa.JpaBaseConfiguration$JpaWebConfiguration - spring.jpa.open-in-view is enabled by default. Therefore, database queries may be performed during view rendering. Explicitly configure spring.jpa.open-in-view to disable this warning
2026-03-25 14:38:38 INFO  [restartedMain] org.springframework.boot.autoconfigure.h2.H2ConsoleAutoConfiguration - H2 console available at '/h2-console'. Database available at 'jdbc:h2:mem:proddb'
2026-03-25 14:38:38 WARN  [restartedMain] org.springframework.boot.devtools.autoconfigure.OptionalLiveReloadServer - Unable to start LiveReload server
2026-03-25 14:38:38 INFO  [restartedMain] org.springframework.boot.actuate.endpoint.web.EndpointLinksResolver - Exposing 1 endpoint beneath base path '/actuator'
2026-03-25 14:38:38 INFO  [restartedMain] org.apache.coyote.http11.Http11NioProtocol - Starting ProtocolHandler ["http-nio-8082"]
2026-03-25 14:38:38 INFO  [restartedMain] org.springframework.boot.web.embedded.tomcat.TomcatWebServer - Tomcat started on port 8082 (http) with context path '/'
2026-03-25 14:38:39 INFO  [restartedMain] com.coforge.UserLoggingSpringBootApplication - Started UserLoggingSpringBootApplication in 6.065 seconds (process running for 7.497)
2026-03-25 14:40:20 INFO  [File Watcher] org.springframework.boot.devtools.autoconfigure.LocalDevToolsAutoConfiguration$RestartingClassPathChangeChangedEventListener - Restarting due to 1 class path change (0 additions, 0 deletions, 1 modification)
2026-03-25 14:40:20 INFO  [Thread-1] org.springframework.boot.web.embedded.tomcat.GracefulShutdown - Commencing graceful shutdown. Waiting for active requests to complete
2026-03-25 14:40:20 INFO  [tomcat-shutdown] org.apache.coyote.http11.Http11NioProtocol - Pausing ProtocolHandler ["http-nio-8082"]
2026-03-25 14:40:20 INFO  [tomcat-shutdown] org.springframework.boot.web.embedded.tomcat.GracefulShutdown - Graceful shutdown complete
2026-03-25 14:40:20 INFO  [Thread-1] org.apache.coyote.http11.Http11NioProtocol - Stopping ProtocolHandler ["http-nio-8082"]
2026-03-25 14:40:20 INFO  [Thread-1] org.springframework.orm.jpa.LocalContainerEntityManagerFactoryBean - Closing JPA EntityManagerFactory for persistence unit 'default'
2026-03-25 14:40:20 ERROR [Thread-1] org.hibernate.tool.schema.internal.SchemaDropperImpl$DelayedDropActionImpl - HHH000478: Unsuccessful: drop table if exists user cascade 
2026-03-25 14:40:20 WARN  [Thread-1] org.springframework.beans.factory.support.DisposableBeanAdapter - Invocation of destroy method failed on bean with name 'inMemoryDatabaseShutdownExecutor': org.h2.jdbc.JdbcSQLNonTransientConnectionException: Database is already closed (to disable automatic closing at VM shutdown, add ";DB_CLOSE_ON_EXIT=FALSE" to the db URL) [90121-232]
2026-03-25 14:40:20 INFO  [Thread-1] com.zaxxer.hikari.HikariDataSource - HikariPool-1 - Shutdown initiated...
2026-03-25 14:40:20 INFO  [Thread-1] com.zaxxer.hikari.HikariDataSource - HikariPool-1 - Shutdown completed.
2026-03-25 14:40:20 INFO  [File Watcher] org.springframework.boot.devtools.autoconfigure.LocalDevToolsAutoConfiguration$RestartingClassPathChangeChangedEventListener - Restarting due to 1 class path change (0 additions, 0 deletions, 1 modification)
2026-03-25 14:40:20 INFO  [Thread-19] org.springframework.boot.web.embedded.tomcat.GracefulShutdown - Commencing graceful shutdown. Waiting for active requests to complete
2026-03-25 14:40:20 INFO  [tomcat-shutdown] org.apache.coyote.http11.Http11NioProtocol - Pausing ProtocolHandler ["http-nio-8080"]
2026-03-25 14:40:20 INFO  [tomcat-shutdown] org.springframework.boot.web.embedded.tomcat.GracefulShutdown - Graceful shutdown complete
2026-03-25 14:40:20 INFO  [Thread-19] org.apache.coyote.http11.Http11NioProtocol - Stopping ProtocolHandler ["http-nio-8080"]
2026-03-25 14:40:20 INFO  [Thread-19] org.springframework.orm.jpa.LocalContainerEntityManagerFactoryBean - Closing JPA EntityManagerFactory for persistence unit 'default'
2026-03-25 14:40:20 INFO  [Thread-19] com.zaxxer.hikari.HikariDataSource - HikariPool-5 - Shutdown initiated...
2026-03-25 14:40:20 INFO  [Thread-19] com.zaxxer.hikari.HikariDataSource - HikariPool-5 - Shutdown completed.
2026-03-25 14:40:20 INFO  [restartedMain] com.coforge.UserLoggingSpringBootApplication - Starting UserLoggingSpringBootApplication using Java 21.0.10 with PID 3748 (C:\Users\Anurag.4.Tiwari\Downloads\UserLoggingSpringBoot\target\classes started by Anurag.4.Tiwari in C:\Users\Anurag.4.Tiwari\Downloads\UserLoggingSpringBoot)
2026-03-25 14:40:20 INFO  [restartedMain] com.coforge.UserLoggingSpringBootApplication - The following 1 profile is active: "prod"
2026-03-25 14:40:20 INFO  [restartedMain] com.coforge.UserLoggingSpringBootApplication - Starting UserLoggingSpringBootApplication using Java 21.0.10 with PID 17324 (C:\Users\Anurag.4.Tiwari\Downloads\UserLoggingSpringBoot\target\classes started by Anurag.4.Tiwari in C:\Users\Anurag.4.Tiwari\Downloads\UserLoggingSpringBoot)
2026-03-25 14:40:20 INFO  [restartedMain] com.coforge.UserLoggingSpringBootApplication - The following 1 profile is active: "dev"
2026-03-25 14:40:21 INFO  [restartedMain] org.springframework.data.repository.config.RepositoryConfigurationDelegate - Bootstrapping Spring Data JPA repositories in DEFAULT mode.
2026-03-25 14:40:21 INFO  [restartedMain] org.springframework.data.repository.config.RepositoryConfigurationDelegate - Finished Spring Data repository scanning in 21 ms. Found 1 JPA repository interface.
2026-03-25 14:40:21 INFO  [restartedMain] org.springframework.data.repository.config.RepositoryConfigurationDelegate - Bootstrapping Spring Data JPA repositories in DEFAULT mode.
2026-03-25 14:40:21 INFO  [restartedMain] org.springframework.data.repository.config.RepositoryConfigurationDelegate - Finished Spring Data repository scanning in 15 ms. Found 1 JPA repository interface.
2026-03-25 14:40:21 INFO  [restartedMain] org.springframework.boot.web.embedded.tomcat.TomcatWebServer - Tomcat initialized with port 8082 (http)
2026-03-25 14:40:21 INFO  [restartedMain] org.apache.coyote.http11.Http11NioProtocol - Initializing ProtocolHandler ["http-nio-8082"]
2026-03-25 14:40:21 INFO  [restartedMain] org.apache.catalina.core.StandardService - Starting service [Tomcat]
2026-03-25 14:40:21 INFO  [restartedMain] org.apache.catalina.core.StandardEngine - Starting Servlet engine: [Apache Tomcat/10.1.52]
2026-03-25 14:40:21 INFO  [restartedMain] org.apache.catalina.core.ContainerBase.[Tomcat].[localhost].[/] - Initializing Spring embedded WebApplicationContext
2026-03-25 14:40:21 INFO  [restartedMain] org.springframework.boot.web.servlet.context.ServletWebServerApplicationContext - Root WebApplicationContext: initialization completed in 770 ms
2026-03-25 14:40:21 INFO  [restartedMain] org.springframework.boot.web.embedded.tomcat.TomcatWebServer - Tomcat initialized with port 8080 (http)
2026-03-25 14:40:21 INFO  [restartedMain] org.apache.coyote.http11.Http11NioProtocol - Initializing ProtocolHandler ["http-nio-8080"]
2026-03-25 14:40:21 INFO  [restartedMain] org.apache.catalina.core.StandardService - Starting service [Tomcat]
2026-03-25 14:40:21 INFO  [restartedMain] org.apache.catalina.core.StandardEngine - Starting Servlet engine: [Apache Tomcat/10.1.52]
2026-03-25 14:40:21 INFO  [restartedMain] org.apache.catalina.core.ContainerBase.[Tomcat].[localhost].[/] - Initializing Spring embedded WebApplicationContext
2026-03-25 14:40:21 INFO  [restartedMain] org.springframework.boot.web.servlet.context.ServletWebServerApplicationContext - Root WebApplicationContext: initialization completed in 783 ms
2026-03-25 14:40:21 INFO  [restartedMain] com.zaxxer.hikari.HikariDataSource - HikariPool-2 - Starting...
2026-03-25 14:40:21 INFO  [restartedMain] com.zaxxer.hikari.pool.HikariPool - HikariPool-2 - Added connection conn10: url=jdbc:h2:mem:proddb user=SA
2026-03-25 14:40:21 INFO  [restartedMain] com.zaxxer.hikari.HikariDataSource - HikariPool-2 - Start completed.
2026-03-25 14:40:21 INFO  [restartedMain] org.hibernate.jpa.internal.util.LogHelper - HHH000204: Processing PersistenceUnitInfo [name: default]
2026-03-25 14:40:21 INFO  [restartedMain] org.hibernate.cache.internal.RegionFactoryInitiator - HHH000026: Second-level cache disabled
2026-03-25 14:40:21 INFO  [restartedMain] org.springframework.orm.jpa.persistenceunit.SpringPersistenceUnitInfo - No LoadTimeWeaver setup: ignoring JPA class transformer
2026-03-25 14:40:21 WARN  [restartedMain] org.hibernate.orm.deprecation - HHH90000025: H2Dialect does not need to be specified explicitly using 'hibernate.dialect' (remove the property setting and it will be selected by default)
2026-03-25 14:40:21 INFO  [restartedMain] org.hibernate.orm.connections.pooling - HHH10001005: Database info:
	Database JDBC URL [Connecting through datasource 'HikariDataSource (HikariPool-2)']
	Database driver: undefined/unknown
	Database version: 2.3.232
	Autocommit mode: undefined/unknown
	Isolation level: undefined/unknown
	Minimum pool size: undefined/unknown
	Maximum pool size: undefined/unknown
2026-03-25 14:40:21 INFO  [restartedMain] org.hibernate.engine.transaction.jta.platform.internal.JtaPlatformInitiator - HHH000489: No JTA platform available (set 'hibernate.transaction.jta.platform' to enable JTA platform integration)
2026-03-25 14:40:21 INFO  [restartedMain] org.springframework.orm.jpa.LocalContainerEntityManagerFactoryBean - Initialized JPA EntityManagerFactory for persistence unit 'default'
2026-03-25 14:40:21 INFO  [restartedMain] org.hibernate.jpa.internal.util.LogHelper - HHH000204: Processing PersistenceUnitInfo [name: default]
2026-03-25 14:40:21 INFO  [restartedMain] org.hibernate.cache.internal.RegionFactoryInitiator - HHH000026: Second-level cache disabled
2026-03-25 14:40:21 INFO  [restartedMain] org.springframework.orm.jpa.persistenceunit.SpringPersistenceUnitInfo - No LoadTimeWeaver setup: ignoring JPA class transformer
2026-03-25 14:40:21 INFO  [restartedMain] com.zaxxer.hikari.HikariDataSource - HikariPool-6 - Starting...
2026-03-25 14:40:21 WARN  [restartedMain] org.springframework.boot.autoconfigure.orm.jpa.JpaBaseConfiguration$JpaWebConfiguration - spring.jpa.open-in-view is enabled by default. Therefore, database queries may be performed during view rendering. Explicitly configure spring.jpa.open-in-view to disable this warning
2026-03-25 14:40:21 INFO  [restartedMain] com.zaxxer.hikari.pool.HikariPool - HikariPool-6 - Added connection com.mysql.cj.jdbc.ConnectionImpl@73e6f97e
2026-03-25 14:40:21 INFO  [restartedMain] com.zaxxer.hikari.HikariDataSource - HikariPool-6 - Start completed.
2026-03-25 14:40:21 INFO  [restartedMain] org.hibernate.orm.connections.pooling - HHH10001005: Database info:
	Database JDBC URL [Connecting through datasource 'HikariDataSource (HikariPool-6)']
	Database driver: undefined/unknown
	Database version: 8.0.45
	Autocommit mode: undefined/unknown
	Isolation level: undefined/unknown
	Minimum pool size: undefined/unknown
	Maximum pool size: undefined/unknown
2026-03-25 14:40:21 INFO  [restartedMain] org.hibernate.engine.transaction.jta.platform.internal.JtaPlatformInitiator - HHH000489: No JTA platform available (set 'hibernate.transaction.jta.platform' to enable JTA platform integration)
2026-03-25 14:40:21 INFO  [restartedMain] org.springframework.orm.jpa.LocalContainerEntityManagerFactoryBean - Initialized JPA EntityManagerFactory for persistence unit 'default'
2026-03-25 14:40:21 INFO  [restartedMain] org.springframework.boot.autoconfigure.h2.H2ConsoleAutoConfiguration - H2 console available at '/h2-console'. Database available at 'jdbc:h2:mem:proddb'
2026-03-25 14:40:22 WARN  [restartedMain] org.springframework.boot.devtools.autoconfigure.OptionalLiveReloadServer - Unable to start LiveReload server
2026-03-25 14:40:22 INFO  [restartedMain] org.springframework.boot.actuate.endpoint.web.EndpointLinksResolver - Exposing 1 endpoint beneath base path '/actuator'
2026-03-25 14:40:22 WARN  [restartedMain] org.springframework.boot.autoconfigure.orm.jpa.JpaBaseConfiguration$JpaWebConfiguration - spring.jpa.open-in-view is enabled by default. Therefore, database queries may be performed during view rendering. Explicitly configure spring.jpa.open-in-view to disable this warning
2026-03-25 14:40:22 INFO  [restartedMain] org.apache.coyote.http11.Http11NioProtocol - Starting ProtocolHandler ["http-nio-8082"]
2026-03-25 14:40:22 INFO  [restartedMain] org.springframework.boot.web.embedded.tomcat.TomcatWebServer - Tomcat started on port 8082 (http) with context path '/'
2026-03-25 14:40:22 INFO  [restartedMain] com.coforge.UserLoggingSpringBootApplication - Started UserLoggingSpringBootApplication in 1.58 seconds (process running for 110.561)
2026-03-25 14:40:22 INFO  [restartedMain] org.springframework.boot.devtools.autoconfigure.ConditionEvaluationDeltaLoggingListener - Condition evaluation unchanged
2026-03-25 14:40:22 INFO  [restartedMain] org.springframework.boot.autoconfigure.h2.H2ConsoleAutoConfiguration - H2 console available at '/h2-console'. Database available at 'jdbc:mysql://localhost:3306/devdb'
2026-03-25 14:40:22 INFO  [restartedMain] org.springframework.boot.devtools.autoconfigure.OptionalLiveReloadServer - LiveReload server is running on port 35729
2026-03-25 14:40:22 INFO  [restartedMain] org.springframework.boot.actuate.endpoint.web.EndpointLinksResolver - Exposing 1 endpoint beneath base path '/actuator'
2026-03-25 14:40:22 INFO  [restartedMain] org.apache.coyote.http11.Http11NioProtocol - Starting ProtocolHandler ["http-nio-8080"]
2026-03-25 14:40:22 INFO  [restartedMain] org.springframework.boot.web.embedded.tomcat.TomcatWebServer - Tomcat started on port 8080 (http) with context path '/'
2026-03-25 14:40:22 INFO  [restartedMain] com.coforge.UserLoggingSpringBootApplication - Started UserLoggingSpringBootApplication in 1.756 seconds (process running for 220.122)
2026-03-25 14:40:22 INFO  [restartedMain] org.springframework.boot.devtools.autoconfigure.ConditionEvaluationDeltaLoggingListener - Condition evaluation unchanged
2026-03-25 14:40:31 INFO  [restartedMain] com.coforge.UserLoggingSpringBootApplication - Starting UserLoggingSpringBootApplication using Java 21.0.10 with PID 18272 (C:\Users\Anurag.4.Tiwari\Downloads\UserLoggingSpringBoot\target\classes started by Anurag.4.Tiwari in C:\Users\Anurag.4.Tiwari\Downloads\UserLoggingSpringBoot)
2026-03-25 14:40:31 INFO  [restartedMain] com.coforge.UserLoggingSpringBootApplication - The following 1 profile is active: "prod"
2026-03-25 14:40:31 INFO  [restartedMain] org.springframework.boot.devtools.env.DevToolsPropertyDefaultsPostProcessor - Devtools property defaults active! Set 'spring.devtools.add-properties' to 'false' to disable
2026-03-25 14:40:31 INFO  [restartedMain] org.springframework.boot.devtools.env.DevToolsPropertyDefaultsPostProcessor - For additional web related logging consider setting the 'logging.level.web' property to 'DEBUG'
2026-03-25 14:40:33 INFO  [restartedMain] org.springframework.data.repository.config.RepositoryConfigurationDelegate - Bootstrapping Spring Data JPA repositories in DEFAULT mode.
2026-03-25 14:40:33 INFO  [restartedMain] org.springframework.data.repository.config.RepositoryConfigurationDelegate - Finished Spring Data repository scanning in 71 ms. Found 1 JPA repository interface.
2026-03-25 14:40:33 INFO  [restartedMain] org.springframework.boot.web.embedded.tomcat.TomcatWebServer - Tomcat initialized with port 8082 (http)
2026-03-25 14:40:33 INFO  [restartedMain] org.apache.coyote.http11.Http11NioProtocol - Initializing ProtocolHandler ["http-nio-8082"]
2026-03-25 14:40:33 INFO  [restartedMain] org.apache.catalina.core.StandardService - Starting service [Tomcat]
2026-03-25 14:40:33 INFO  [restartedMain] org.apache.catalina.core.StandardEngine - Starting Servlet engine: [Apache Tomcat/10.1.52]
2026-03-25 14:40:33 INFO  [restartedMain] org.apache.catalina.core.ContainerBase.[Tomcat].[localhost].[/] - Initializing Spring embedded WebApplicationContext
2026-03-25 14:40:33 INFO  [restartedMain] org.springframework.boot.web.servlet.context.ServletWebServerApplicationContext - Root WebApplicationContext: initialization completed in 2168 ms
2026-03-25 14:40:34 INFO  [restartedMain] com.zaxxer.hikari.HikariDataSource - HikariPool-1 - Starting...
2026-03-25 14:40:34 INFO  [restartedMain] com.zaxxer.hikari.pool.HikariPool - HikariPool-1 - Added connection conn0: url=jdbc:h2:mem:proddb user=SA
2026-03-25 14:40:34 INFO  [restartedMain] com.zaxxer.hikari.HikariDataSource - HikariPool-1 - Start completed.
2026-03-25 14:40:34 INFO  [restartedMain] org.hibernate.jpa.internal.util.LogHelper - HHH000204: Processing PersistenceUnitInfo [name: default]
2026-03-25 14:40:34 INFO  [restartedMain] org.hibernate.Version - HHH000412: Hibernate ORM core version 6.6.44.Final
2026-03-25 14:40:34 INFO  [restartedMain] org.hibernate.cache.internal.RegionFactoryInitiator - HHH000026: Second-level cache disabled
2026-03-25 14:40:34 INFO  [restartedMain] org.springframework.orm.jpa.persistenceunit.SpringPersistenceUnitInfo - No LoadTimeWeaver setup: ignoring JPA class transformer
2026-03-25 14:40:34 WARN  [restartedMain] org.hibernate.orm.deprecation - HHH90000025: H2Dialect does not need to be specified explicitly using 'hibernate.dialect' (remove the property setting and it will be selected by default)
2026-03-25 14:40:34 INFO  [restartedMain] org.hibernate.orm.connections.pooling - HHH10001005: Database info:
	Database JDBC URL [Connecting through datasource 'HikariDataSource (HikariPool-1)']
	Database driver: undefined/unknown
	Database version: 2.3.232
	Autocommit mode: undefined/unknown
	Isolation level: undefined/unknown
	Minimum pool size: undefined/unknown
	Maximum pool size: undefined/unknown
2026-03-25 14:40:36 INFO  [restartedMain] org.hibernate.engine.transaction.jta.platform.internal.JtaPlatformInitiator - HHH000489: No JTA platform available (set 'hibernate.transaction.jta.platform' to enable JTA platform integration)
2026-03-25 14:40:36 INFO  [restartedMain] org.springframework.orm.jpa.LocalContainerEntityManagerFactoryBean - Initialized JPA EntityManagerFactory for persistence unit 'default'
2026-03-25 14:40:36 WARN  [restartedMain] org.springframework.boot.autoconfigure.orm.jpa.JpaBaseConfiguration$JpaWebConfiguration - spring.jpa.open-in-view is enabled by default. Therefore, database queries may be performed during view rendering. Explicitly configure spring.jpa.open-in-view to disable this warning
2026-03-25 14:40:36 INFO  [restartedMain] org.springframework.boot.autoconfigure.h2.H2ConsoleAutoConfiguration - H2 console available at '/h2-console'. Database available at 'jdbc:h2:mem:proddb'
2026-03-25 14:40:36 WARN  [restartedMain] org.springframework.boot.devtools.autoconfigure.OptionalLiveReloadServer - Unable to start LiveReload server
2026-03-25 14:40:36 INFO  [restartedMain] org.springframework.boot.actuate.endpoint.web.EndpointLinksResolver - Exposing 1 endpoint beneath base path '/actuator'
2026-03-25 14:40:37 INFO  [restartedMain] org.apache.coyote.http11.Http11NioProtocol - Starting ProtocolHandler ["http-nio-8082"]
2026-03-25 14:40:37 WARN  [restartedMain] org.springframework.boot.web.servlet.context.AnnotationConfigServletWebServerApplicationContext - Exception encountered during context initialization - cancelling refresh attempt: org.springframework.context.ApplicationContextException: Failed to start bean 'webServerStartStop'
2026-03-25 14:40:37 INFO  [restartedMain] org.springframework.orm.jpa.LocalContainerEntityManagerFactoryBean - Closing JPA EntityManagerFactory for persistence unit 'default'
2026-03-25 14:40:37 WARN  [restartedMain] org.springframework.beans.factory.support.DisposableBeanAdapter - Invocation of destroy method failed on bean with name 'inMemoryDatabaseShutdownExecutor': org.h2.jdbc.JdbcSQLNonTransientConnectionException: Database is already closed (to disable automatic closing at VM shutdown, add ";DB_CLOSE_ON_EXIT=FALSE" to the db URL) [90121-232]
2026-03-25 14:40:37 INFO  [restartedMain] com.zaxxer.hikari.HikariDataSource - HikariPool-1 - Shutdown initiated...
2026-03-25 14:40:37 INFO  [restartedMain] com.zaxxer.hikari.HikariDataSource - HikariPool-1 - Shutdown completed.
2026-03-25 14:40:37 INFO  [restartedMain] org.springframework.boot.autoconfigure.logging.ConditionEvaluationReportLogger - 

Error starting ApplicationContext. To display the condition evaluation report re-run your application with 'debug' enabled.
2026-03-25 14:40:37 ERROR [restartedMain] org.springframework.boot.diagnostics.LoggingFailureAnalysisReporter - 

***************************
APPLICATION FAILED TO START
***************************

Description:

Web server failed to start. Port 8082 was already in use.

Action:

Identify and stop the process that's listening on port 8082 or configure this application to listen on another port.

2026-03-25 14:40:42 INFO  [RMI TCP Connection(10)-127.0.0.1] org.springframework.boot.admin.SpringApplicationAdminMXBeanRegistrar$SpringApplicationAdmin - Application shutdown requested.
2026-03-25 14:40:42 INFO  [RMI TCP Connection(10)-127.0.0.1] org.springframework.boot.web.embedded.tomcat.GracefulShutdown - Commencing graceful shutdown. Waiting for active requests to complete
2026-03-25 14:40:42 INFO  [tomcat-shutdown] org.apache.coyote.http11.Http11NioProtocol - Pausing ProtocolHandler ["http-nio-8080"]
2026-03-25 14:40:42 INFO  [tomcat-shutdown] org.springframework.boot.web.embedded.tomcat.GracefulShutdown - Graceful shutdown complete
2026-03-25 14:40:42 INFO  [RMI TCP Connection(10)-127.0.0.1] org.apache.coyote.http11.Http11NioProtocol - Stopping ProtocolHandler ["http-nio-8080"]
2026-03-25 14:40:42 INFO  [RMI TCP Connection(10)-127.0.0.1] org.springframework.orm.jpa.LocalContainerEntityManagerFactoryBean - Closing JPA EntityManagerFactory for persistence unit 'default'
2026-03-25 14:40:42 INFO  [RMI TCP Connection(10)-127.0.0.1] com.zaxxer.hikari.HikariDataSource - HikariPool-6 - Shutdown initiated...
2026-03-25 14:40:42 INFO  [RMI TCP Connection(10)-127.0.0.1] com.zaxxer.hikari.HikariDataSource - HikariPool-6 - Shutdown completed.
2026-03-25 14:40:42 INFO  [RMI TCP Connection(4)-127.0.0.1] org.springframework.boot.admin.SpringApplicationAdminMXBeanRegistrar$SpringApplicationAdmin - Application shutdown requested.
2026-03-25 14:40:42 INFO  [RMI TCP Connection(4)-127.0.0.1] org.springframework.boot.web.embedded.tomcat.GracefulShutdown - Commencing graceful shutdown. Waiting for active requests to complete
2026-03-25 14:40:42 INFO  [tomcat-shutdown] org.apache.coyote.http11.Http11NioProtocol - Pausing ProtocolHandler ["http-nio-8082"]
2026-03-25 14:40:42 INFO  [tomcat-shutdown] org.springframework.boot.web.embedded.tomcat.GracefulShutdown - Graceful shutdown complete
2026-03-25 14:40:42 INFO  [RMI TCP Connection(4)-127.0.0.1] org.apache.coyote.http11.Http11NioProtocol - Stopping ProtocolHandler ["http-nio-8082"]
2026-03-25 14:40:42 INFO  [RMI TCP Connection(4)-127.0.0.1] org.springframework.orm.jpa.LocalContainerEntityManagerFactoryBean - Closing JPA EntityManagerFactory for persistence unit 'default'
2026-03-25 14:40:42 WARN  [RMI TCP Connection(4)-127.0.0.1] org.springframework.beans.factory.support.DisposableBeanAdapter - Invocation of destroy method failed on bean with name 'inMemoryDatabaseShutdownExecutor': org.h2.jdbc.JdbcSQLNonTransientConnectionException: Database is already closed (to disable automatic closing at VM shutdown, add ";DB_CLOSE_ON_EXIT=FALSE" to the db URL) [90121-232]
2026-03-25 14:40:42 INFO  [RMI TCP Connection(4)-127.0.0.1] com.zaxxer.hikari.HikariDataSource - HikariPool-2 - Shutdown initiated...
2026-03-25 14:40:42 INFO  [RMI TCP Connection(4)-127.0.0.1] com.zaxxer.hikari.HikariDataSource - HikariPool-2 - Shutdown completed.
2026-03-25 14:41:52 INFO  [restartedMain] com.coforge.UserLoggingSpringBootApplication - Starting UserLoggingSpringBootApplication using Java 21.0.10 with PID 7676 (C:\Users\Anurag.4.Tiwari\Downloads\UserLoggingSpringBoot\target\classes started by Anurag.4.Tiwari in C:\Users\Anurag.4.Tiwari\Downloads\UserLoggingSpringBoot)
2026-03-25 14:41:52 INFO  [restartedMain] com.coforge.UserLoggingSpringBootApplication - The following 1 profile is active: "prod"
2026-03-25 14:41:52 INFO  [restartedMain] org.springframework.boot.devtools.env.DevToolsPropertyDefaultsPostProcessor - Devtools property defaults active! Set 'spring.devtools.add-properties' to 'false' to disable
2026-03-25 14:41:52 INFO  [restartedMain] org.springframework.boot.devtools.env.DevToolsPropertyDefaultsPostProcessor - For additional web related logging consider setting the 'logging.level.web' property to 'DEBUG'
2026-03-25 14:41:53 INFO  [restartedMain] org.springframework.data.repository.config.RepositoryConfigurationDelegate - Bootstrapping Spring Data JPA repositories in DEFAULT mode.
2026-03-25 14:41:54 INFO  [restartedMain] org.springframework.data.repository.config.RepositoryConfigurationDelegate - Finished Spring Data repository scanning in 68 ms. Found 1 JPA repository interface.
2026-03-25 14:41:54 INFO  [restartedMain] org.springframework.boot.web.embedded.tomcat.TomcatWebServer - Tomcat initialized with port 8082 (http)
2026-03-25 14:41:54 INFO  [restartedMain] org.apache.coyote.http11.Http11NioProtocol - Initializing ProtocolHandler ["http-nio-8082"]
2026-03-25 14:41:54 INFO  [restartedMain] org.apache.catalina.core.StandardService - Starting service [Tomcat]
2026-03-25 14:41:54 INFO  [restartedMain] org.apache.catalina.core.StandardEngine - Starting Servlet engine: [Apache Tomcat/10.1.52]
2026-03-25 14:41:54 INFO  [restartedMain] org.apache.catalina.core.ContainerBase.[Tomcat].[localhost].[/] - Initializing Spring embedded WebApplicationContext
2026-03-25 14:41:54 INFO  [restartedMain] org.springframework.boot.web.servlet.context.ServletWebServerApplicationContext - Root WebApplicationContext: initialization completed in 2114 ms
2026-03-25 14:41:55 INFO  [restartedMain] com.zaxxer.hikari.HikariDataSource - HikariPool-1 - Starting...
2026-03-25 14:41:55 INFO  [restartedMain] com.zaxxer.hikari.pool.HikariPool - HikariPool-1 - Added connection conn0: url=jdbc:h2:mem:proddb user=SA
2026-03-25 14:41:55 INFO  [restartedMain] com.zaxxer.hikari.HikariDataSource - HikariPool-1 - Start completed.
2026-03-25 14:41:55 INFO  [restartedMain] org.hibernate.jpa.internal.util.LogHelper - HHH000204: Processing PersistenceUnitInfo [name: default]
2026-03-25 14:41:55 INFO  [restartedMain] org.hibernate.Version - HHH000412: Hibernate ORM core version 6.6.44.Final
2026-03-25 14:41:55 INFO  [restartedMain] org.hibernate.cache.internal.RegionFactoryInitiator - HHH000026: Second-level cache disabled
2026-03-25 14:41:55 INFO  [restartedMain] org.springframework.orm.jpa.persistenceunit.SpringPersistenceUnitInfo - No LoadTimeWeaver setup: ignoring JPA class transformer
2026-03-25 14:41:55 WARN  [restartedMain] org.hibernate.orm.deprecation - HHH90000025: H2Dialect does not need to be specified explicitly using 'hibernate.dialect' (remove the property setting and it will be selected by default)
2026-03-25 14:41:55 INFO  [restartedMain] org.hibernate.orm.connections.pooling - HHH10001005: Database info:
	Database JDBC URL [Connecting through datasource 'HikariDataSource (HikariPool-1)']
	Database driver: undefined/unknown
	Database version: 2.3.232
	Autocommit mode: undefined/unknown
	Isolation level: undefined/unknown
	Minimum pool size: undefined/unknown
	Maximum pool size: undefined/unknown
2026-03-25 14:41:56 INFO  [restartedMain] org.hibernate.engine.transaction.jta.platform.internal.JtaPlatformInitiator - HHH000489: No JTA platform available (set 'hibernate.transaction.jta.platform' to enable JTA platform integration)
2026-03-25 14:41:56 INFO  [restartedMain] org.springframework.orm.jpa.LocalContainerEntityManagerFactoryBean - Initialized JPA EntityManagerFactory for persistence unit 'default'
2026-03-25 14:41:57 WARN  [restartedMain] org.springframework.boot.autoconfigure.orm.jpa.JpaBaseConfiguration$JpaWebConfiguration - spring.jpa.open-in-view is enabled by default. Therefore, database queries may be performed during view rendering. Explicitly configure spring.jpa.open-in-view to disable this warning
2026-03-25 14:41:57 INFO  [restartedMain] org.springframework.boot.autoconfigure.h2.H2ConsoleAutoConfiguration - H2 console available at '/h2-console'. Database available at 'jdbc:h2:mem:proddb'
2026-03-25 14:41:57 INFO  [restartedMain] org.springframework.boot.devtools.autoconfigure.OptionalLiveReloadServer - LiveReload server is running on port 35729
2026-03-25 14:41:57 INFO  [restartedMain] org.springframework.boot.actuate.endpoint.web.EndpointLinksResolver - Exposing 1 endpoint beneath base path '/actuator'
2026-03-25 14:41:57 INFO  [restartedMain] org.apache.coyote.http11.Http11NioProtocol - Starting ProtocolHandler ["http-nio-8082"]
2026-03-25 14:41:57 INFO  [restartedMain] org.springframework.boot.web.embedded.tomcat.TomcatWebServer - Tomcat started on port 8082 (http) with context path '/'
2026-03-25 14:41:58 INFO  [restartedMain] com.coforge.UserLoggingSpringBootApplication - Started UserLoggingSpringBootApplication in 5.927 seconds (process running for 7.42)
2026-03-25 14:41:58 INFO  [RMI TCP Connection(4)-127.0.0.1] org.apache.catalina.core.ContainerBase.[Tomcat].[localhost].[/] - Initializing Spring DispatcherServlet 'dispatcherServlet'
2026-03-25 14:41:58 INFO  [RMI TCP Connection(4)-127.0.0.1] org.springframework.web.servlet.DispatcherServlet - Initializing Servlet 'dispatcherServlet'
2026-03-25 14:41:58 INFO  [RMI TCP Connection(4)-127.0.0.1] org.springframework.web.servlet.DispatcherServlet - Completed initialization in 2 ms
2026-03-25 14:51:58 INFO  [File Watcher] org.springframework.boot.devtools.autoconfigure.LocalDevToolsAutoConfiguration$RestartingClassPathChangeChangedEventListener - Restarting due to 1 class path change (1 addition, 0 deletions, 0 modifications)
2026-03-25 14:51:58 INFO  [Thread-5] org.springframework.boot.web.embedded.tomcat.GracefulShutdown - Commencing graceful shutdown. Waiting for active requests to complete
2026-03-25 14:51:58 INFO  [tomcat-shutdown] org.apache.coyote.http11.Http11NioProtocol - Pausing ProtocolHandler ["http-nio-8082"]
2026-03-25 14:51:58 INFO  [tomcat-shutdown] org.springframework.boot.web.embedded.tomcat.GracefulShutdown - Graceful shutdown complete
2026-03-25 14:51:58 INFO  [Thread-5] org.apache.coyote.http11.Http11NioProtocol - Stopping ProtocolHandler ["http-nio-8082"]
2026-03-25 14:51:58 INFO  [Thread-5] org.springframework.orm.jpa.LocalContainerEntityManagerFactoryBean - Closing JPA EntityManagerFactory for persistence unit 'default'
2026-03-25 14:51:58 WARN  [Thread-5] org.springframework.beans.factory.support.DisposableBeanAdapter - Invocation of destroy method failed on bean with name 'inMemoryDatabaseShutdownExecutor': org.h2.jdbc.JdbcSQLNonTransientConnectionException: Database is already closed (to disable automatic closing at VM shutdown, add ";DB_CLOSE_ON_EXIT=FALSE" to the db URL) [90121-232]
2026-03-25 14:51:58 INFO  [Thread-5] com.zaxxer.hikari.HikariDataSource - HikariPool-1 - Shutdown initiated...
2026-03-25 14:51:58 INFO  [Thread-5] com.zaxxer.hikari.HikariDataSource - HikariPool-1 - Shutdown completed.
2026-03-25 14:51:58 INFO  [restartedMain] com.coforge.UserLoggingSpringBootApplication - Starting UserLoggingSpringBootApplication using Java 21.0.10 with PID 7676 (C:\Users\Anurag.4.Tiwari\Downloads\UserLoggingSpringBoot\target\classes started by Anurag.4.Tiwari in C:\Users\Anurag.4.Tiwari\Downloads\UserLoggingSpringBoot)
2026-03-25 14:51:58 INFO  [restartedMain] com.coforge.UserLoggingSpringBootApplication - The following 1 profile is active: "prod"
2026-03-25 14:51:59 INFO  [restartedMain] org.springframework.data.repository.config.RepositoryConfigurationDelegate - Bootstrapping Spring Data JPA repositories in DEFAULT mode.
2026-03-25 14:51:59 INFO  [restartedMain] org.springframework.data.repository.config.RepositoryConfigurationDelegate - Finished Spring Data repository scanning in 18 ms. Found 1 JPA repository interface.
2026-03-25 14:51:59 INFO  [restartedMain] org.springframework.boot.web.embedded.tomcat.TomcatWebServer - Tomcat initialized with port 8082 (http)
2026-03-25 14:51:59 INFO  [restartedMain] org.apache.coyote.http11.Http11NioProtocol - Initializing ProtocolHandler ["http-nio-8082"]
2026-03-25 14:51:59 INFO  [restartedMain] org.apache.catalina.core.StandardService - Starting service [Tomcat]
2026-03-25 14:51:59 INFO  [restartedMain] org.apache.catalina.core.StandardEngine - Starting Servlet engine: [Apache Tomcat/10.1.52]
2026-03-25 14:51:59 INFO  [restartedMain] org.apache.catalina.core.ContainerBase.[Tomcat].[localhost].[/] - Initializing Spring embedded WebApplicationContext
2026-03-25 14:51:59 INFO  [restartedMain] org.springframework.boot.web.servlet.context.ServletWebServerApplicationContext - Root WebApplicationContext: initialization completed in 838 ms
2026-03-25 14:51:59 INFO  [restartedMain] com.zaxxer.hikari.HikariDataSource - HikariPool-2 - Starting...
2026-03-25 14:51:59 INFO  [restartedMain] com.zaxxer.hikari.pool.HikariPool - HikariPool-2 - Added connection conn11: url=jdbc:h2:mem:proddb user=SA
2026-03-25 14:51:59 INFO  [restartedMain] com.zaxxer.hikari.HikariDataSource - HikariPool-2 - Start completed.
2026-03-25 14:51:59 INFO  [restartedMain] org.hibernate.jpa.internal.util.LogHelper - HHH000204: Processing PersistenceUnitInfo [name: default]
2026-03-25 14:51:59 INFO  [restartedMain] org.hibernate.cache.internal.RegionFactoryInitiator - HHH000026: Second-level cache disabled
2026-03-25 14:51:59 INFO  [restartedMain] org.springframework.orm.jpa.persistenceunit.SpringPersistenceUnitInfo - No LoadTimeWeaver setup: ignoring JPA class transformer
2026-03-25 14:51:59 WARN  [restartedMain] org.hibernate.orm.deprecation - HHH90000025: H2Dialect does not need to be specified explicitly using 'hibernate.dialect' (remove the property setting and it will be selected by default)
2026-03-25 14:51:59 INFO  [restartedMain] org.hibernate.orm.connections.pooling - HHH10001005: Database info:
	Database JDBC URL [Connecting through datasource 'HikariDataSource (HikariPool-2)']
	Database driver: undefined/unknown
	Database version: 2.3.232
	Autocommit mode: undefined/unknown
	Isolation level: undefined/unknown
	Minimum pool size: undefined/unknown
	Maximum pool size: undefined/unknown
2026-03-25 14:51:59 INFO  [restartedMain] org.hibernate.engine.transaction.jta.platform.internal.JtaPlatformInitiator - HHH000489: No JTA platform available (set 'hibernate.transaction.jta.platform' to enable JTA platform integration)
2026-03-25 14:51:59 INFO  [restartedMain] org.springframework.orm.jpa.LocalContainerEntityManagerFactoryBean - Initialized JPA EntityManagerFactory for persistence unit 'default'
2026-03-25 14:51:59 WARN  [restartedMain] org.springframework.boot.autoconfigure.orm.jpa.JpaBaseConfiguration$JpaWebConfiguration - spring.jpa.open-in-view is enabled by default. Therefore, database queries may be performed during view rendering. Explicitly configure spring.jpa.open-in-view to disable this warning
2026-03-25 14:51:59 INFO  [restartedMain] org.springframework.boot.autoconfigure.h2.H2ConsoleAutoConfiguration - H2 console available at '/h2-console'. Database available at 'jdbc:h2:mem:proddb'
2026-03-25 14:51:59 INFO  [restartedMain] org.springframework.boot.devtools.autoconfigure.OptionalLiveReloadServer - LiveReload server is running on port 35729
2026-03-25 14:51:59 INFO  [restartedMain] org.springframework.boot.actuate.endpoint.web.EndpointLinksResolver - Exposing 1 endpoint beneath base path '/actuator'
2026-03-25 14:51:59 INFO  [restartedMain] org.apache.coyote.http11.Http11NioProtocol - Starting ProtocolHandler ["http-nio-8082"]
2026-03-25 14:51:59 INFO  [restartedMain] org.springframework.boot.web.embedded.tomcat.TomcatWebServer - Tomcat started on port 8082 (http) with context path '/'
2026-03-25 14:51:59 INFO  [restartedMain] com.coforge.UserLoggingSpringBootApplication - Started UserLoggingSpringBootApplication in 1.546 seconds (process running for 609.287)
2026-03-25 14:51:59 INFO  [restartedMain] org.springframework.boot.devtools.autoconfigure.ConditionEvaluationDeltaLoggingListener - Condition evaluation unchanged
2026-03-25 15:30:48 INFO  [RMI TCP Connection(54)-127.0.0.1] org.springframework.boot.admin.SpringApplicationAdminMXBeanRegistrar$SpringApplicationAdmin - Application shutdown requested.
2026-03-25 15:30:48 INFO  [RMI TCP Connection(54)-127.0.0.1] org.springframework.boot.web.embedded.tomcat.GracefulShutdown - Commencing graceful shutdown. Waiting for active requests to complete
2026-03-25 15:30:48 INFO  [tomcat-shutdown] org.apache.coyote.http11.Http11NioProtocol - Pausing ProtocolHandler ["http-nio-8082"]
2026-03-25 15:30:48 INFO  [tomcat-shutdown] org.springframework.boot.web.embedded.tomcat.GracefulShutdown - Graceful shutdown complete
2026-03-25 15:30:48 INFO  [RMI TCP Connection(54)-127.0.0.1] org.apache.coyote.http11.Http11NioProtocol - Stopping ProtocolHandler ["http-nio-8082"]
2026-03-25 15:30:48 INFO  [RMI TCP Connection(54)-127.0.0.1] org.springframework.orm.jpa.LocalContainerEntityManagerFactoryBean - Closing JPA EntityManagerFactory for persistence unit 'default'
2026-03-25 15:30:48 WARN  [RMI TCP Connection(54)-127.0.0.1] org.springframework.beans.factory.support.DisposableBeanAdapter - Invocation of destroy method failed on bean with name 'inMemoryDatabaseShutdownExecutor': org.h2.jdbc.JdbcSQLNonTransientConnectionException: Database is already closed (to disable automatic closing at VM shutdown, add ";DB_CLOSE_ON_EXIT=FALSE" to the db URL) [90121-232]
2026-03-25 15:30:48 INFO  [RMI TCP Connection(54)-127.0.0.1] com.zaxxer.hikari.HikariDataSource - HikariPool-2 - Shutdown initiated...
2026-03-25 15:30:48 INFO  [RMI TCP Connection(54)-127.0.0.1] com.zaxxer.hikari.HikariDataSource - HikariPool-2 - Shutdown completed.
